file C:\Users\Ben\Desktop\Visi\RockerSwitch.4DWork\RockerSwitch.4DGenieS

file C:\Program Files (x86)\4D Labs\4D Workshop 4 IDE\include\uLCD-32PTU.fnc

000001  000001  #platform "uLCD-32PTU"
000002  000001  #platform "uLCD-32PTU"
000003  000008  */
000004  000009      #constant ULCD_32PT_GFX
000005  000009      #constant ULCD_32PT_GFX
000006  000010        
000007  000011      #IFNOT EXISTS PICASO_FUNCTIONS
file C:\Program Files (x86)\4D Labs\4D Workshop 4 IDE\include\PicasoFunctions.fnc

000008  000012          #inherit "PicasoFunctions.fnc"          // inherit the generic functions
000009  000012          #inherit "PicasoFunctions.fnc"          // inherit the generic functions
000010  000001        
000011  000002  // Common inheritance for PicasoGFX2 platforms
000012  000003        
000013  000004  #constant PICASO_FUNCTIONS
000014  000004  #constant PICASO_FUNCTIONS
000015  000005        
000016  000006        
000017  000007  #CONST
000018  000017  #END
000019  000018        
000020  000019  #CONST
000021  000025  #END
000022  000026        
000023  000027        
000024  000028  #CONST
000025  000040  #END
000026  000041        
000027  000042        
000028  000043  #CONST
000029  000208  #END
000030  000209        
000031  000210        
000032  000211  // baud divisor rates for setbaud(n);
000033  000212  #CONST
000034  000234  #END
000035  000235        
000036  000236        
000037  000237        
000038  000238        
000039  000243  */
000040  000244        
000041  000245        
000042  000246  //==============================================//
000043  000247  // EVE bios functions                           //
000044  000248  //==============================================//
000045  000249                                                  //
000046  000250  func serin(), 1;                // read a byte from COM0
000047  000251  // Syntax: serin();
000048  000252  // Usage : char := serin();
000049  000253  // Notes : Receives a character from the Serial Port COM0. The transmission format is:
000050  000254  //     : No Parity, 1 Stop Bit, 8 Data Bits (N,8,1).
000051  000255  //     : The default Baud Rate is 115,200 bits per second or 115,200 baud. The baud rate can be
000052  000256  //     : changed under program control by using the setbaud(...) or the com_SetBaud(...) function.
000053  000257  //     : Returns: -1 if no character is available
000054  000258  //     : Returns: -2 if a framing error or over-run has occurred (auto cleared)
000055  000259  //     : Returns: positive value 0 to 255 for a valid character received
000056  000260        
000057  000261  func putch("char"), 0;                // write single char to current output device
000058  000262  // Syntax: putch("char");
000059  000263  // Usage : putch("A");
000060  000264  // Notes : Transmits a single byte from the Serial Port COM0. The transmission format is:
000061  000265  //     : No Parity, 1 Stop Bit, 8 Data Bits (N,8,1).
000062  000266  //     : The default Baud Rate is 115,200 bits per second or 115,200 baud. The baud rate can be
000063  000267  //     : changed under program control by using the setbaud(...) or the com_SetBaud(...) function.
000064  000268  //     : The arguments can be a variable, array element, expression or constant
000065  000269        
000066  000270  func serout("char"), 0;                // write a byte to COM0
000067  000271  // Syntax: serout1("char");
000068  000272  // Usage : serout1(ch);
000069  000273  // Notes : send character to COM1
000070  000274        
000071  000275  func setbaud("baudnum"), 0;            // set baud rate of COM0
000072  000276  // Syntax: setbaud(baud_number);
000073  000277  // Usage : setbaud(BAUD_128000);        //Set baud rate to 128000bps
000074  000278  // *Notes : argument specifies the baud rate using pre-defined constant.
000075  000279  //       : The pre-defined constant is a value of 0-19 , and internally
000076  000280  //       : this is used as a table pointer to get the baud rate divisor
000077  000281  //       : value for one of the 20 selected baud rates, control is then
000078  000282  //       : passed to com_SetBaud(COM0, baudlookup[baud_number]);
000079  000283  //       : The pre-defined constants equate to a value of 0-19.
000080  000284  //       : If a value other than 0-19 is used, a run time error (eror 25)
000081  000285  //       : will occur.
000082  000286        
000083  000287  func to("device"), 1;                // output device redirection
000084  000288  // Syntax: to(outstream);
000085  000289  // Usage : to(APPEND); putstr("TWO ");
000086  000290  // Notes : outstream: A variable or constant specifying destination for putch, putstr, putnum and print functions.
000087  000291  //     :
000088  000292  //     : to() sends the printed output to destinations other than the screen. Normally, print just
000089  000293  //     : sends its output to the display in TEXT mode which is the default, however, the output from
000090  000294  //     : print can be sent to COM0, and MDA (media) 'streams'. The to(...) function can also stream
000091  000295  //     : to a memory array . Note that once the to(...) function has taken effect, the stream reverts
000092  000296  //     : back to the default stream which is TEXT as soon as putch, putstr, putnum or print has
000093  000297  //     : completed its action. The APPEND argument is used to send the printed output to the same
000094  000298  //     : place as the previous redirection. This is most useful for building string arrays, or adding
000095  000299  //     : sequential data to a media stream.
000096  000300  //     :
000097  000301  //     : Predefined Name Constant    putch(), putstr(), putnum(), print() redirection
000098  000302  //     : APPEND         0x0000      Output is directed to the same stream that was previously assigned. Output is
000099  000303  //     :                            appended to user memory if previous redirection was to an array.
000100  000304  //     : COM0           0xFF04      Output is redirected to the COM (serial) port.
000101  000305  //     : TEXT           0xFF08      Output is directed to the screen (default).
000102  000306  //     : MDA            0xFF10      Output is directed to the SD or FLASH media.
000103  000307  //     : I2C            0xF820      Output is directed to the I2C port.
000104  000308  //     : memory pointer             Output is redirect to the memory pointer argument, eg to(myarray); print("HELLO");
000105  000309        
000106  000310        
000107  000311  func pause("milliseconds"), 0;            // blocking delay
000108  000312  // Syntax: pause(milliseconds);
000109  000313  // Usage : pause(1000);                //pause for 1 second
000110  000314  // Notes : Pause for a number of milli second.Maximum delay could be 65535 milli seconds
000111  000315        
000112  000316  func putnum("arg1","arg2"), 1;            // print number to current output device
000113  000317  // Syntax: putnum(format, value);
000114  000318  // Usage : var := putnum(HEX, val);
000115  000319  // Notes : prints a 16bit number in various formats to the current output stream, usually the display.
000116  000320  //     : Format: A constant that specifies the number format
000117  000321  //     : Value : The number to be printed
000118  000322  //     : (      DECIMAL   )    (   UNSIGNED DECIMAL )    (    HEX         )     (    BINARY          )
000119  000323  //     : DEC     DECZ     DECZB     UDEC     UDECZ     UDECZB     HEX     HEXZ     HEXZB     BIN     BINZ     BINZB
000120  000324  //     : DEC1 DEC1Z     DEC1ZB     UDEC1     UDEC1Z     UDEC1ZB HEX1     HEX1Z     HEX1ZB     BIN1     BIN1Z     BIN1ZB
000121  000325  //     : DEC2 DEC2Z     DEC2ZB     UDEC2     UDEC2Z     UDEC2ZB HEX2     HEX2Z     HEX1ZB     BIN2     BIN2Z     BIN2ZB
000122  000326  //     : DEC3 DEC3Z     DEC3ZB     UDEC3     UDEC3Z     UDEC3ZB HEX3     HEX3Z     HEX1ZB     BIN3     BIN3Z     BIN3ZB
000123  000327  //     : DEC4 DEC4Z     DEC4ZB     UDEC4     UDEC4Z     UDEC4ZB HEX4     HEX4Z     HEX1ZB     BIN4     BIN4Z     BIN4ZB
000124  000328  //     : DEC5 DEC5Z     DEC5ZB     UDEC5     UDEC5Z     UDEC5ZB             BIN5     BIN5Z     BIN5ZB
000125  000329  //     :                                     BIN6     BIN6Z     BIN6ZB
000126  000330  //     :                                     BIN7     BIN7Z     BIN7ZB
000127  000331  //     :                                     BIN8     BIN8Z     BIN8ZB
000128  000332  //     :                                     BIN9     BIN9Z     BIN9ZB
000129  000333  //     :                                     BIN10     BIN10Z     BIN10ZB
000130  000334  //     :                                     BIN11     BIN11Z     BIN11ZB
000131  000335  //     :                                     BIN12     BIN12Z     BIN12ZB
000132  000336  //     :                                     BIN13     BIN13Z     BIN13ZB
000133  000337  //     :                                     BIN14     BIN14Z     BIN14ZB
000134  000338  //     :                                     BIN15     BIN15Z     BIN15ZB
000135  000339  //     :                                     BIN16     BIN16Z     BIN16ZB
000136  000340  //     : field: Returns the the default width of the numeric field (digit count), usually ignored.
000137  000341  //     : bit 15 14 13 12 11 10 9 8 7 6 5 4 3 2 1 0
000138  000342  //     : | | | | \___ ___/ \__ __/ \_____ _____/
000139  000343  //     : | | | | V V V
000140  000344  //     : | | | | | | |
000141  000345  //     : | | | | | |
000142  000346  //     : | | | | (nb 0 = 16) | |____BASE (usually 2,10 or 16)
000143  000347  //     : | | | | digit count |
000144  000348  //     : | | | | |___reserved (not used on GOLDELOX)
000145  000349  //     : | | | |
000146  000350  //     : | | | |
000147  000351  //     : | | | |
000148  000352  //     : | | | |
000149  000353  //     : | | | |
000150  000354  //     : | | | |______ 1 = leading zeros included
000151  000355  //     : | | | 0 = leading zeros suppressed
000152  000356  //     : | | |
000153  000357  //     : | | |
000154  000358  //     : | | |_______ 1 = leading zero blanking
000155  000359  //     : | |
000156  000360  //     : | |_____ sign bit (0 = signed, 1 = unsigned)
000157  000361  //     : |
000158  000362  //     : |______ 1 = space before unsigned number
000159  000363        
000160  000364        
000161  000365  func translate("arg1","arg2","arg3","arg4"), 1; // list translator (internal use only, not usable)
000162  000366        
000163  000367  func putstr("string"), 1;                       // print string to current output device
000164  000368  // Syntax: putstr(pointer);
000165  000369  // Usage : putstr("HELLO\n");
000166  000370  // Notes : putstr prints a string to the current output stream, usually the display. The argument can be
000167  000371  //       : a string constant, a word aligned pointer to a string, a pointer to an array, or a pointer to
000168  000372  //       : a data statement. Note that string constants and data statement pointers are byte aligned.
000169  000373  //       : The output of putstr can be redirected to the communications port, the media, or memory
000170  000374  //       : using the to(...); function.
000171  000375  //       : A string constant is automatically terminated with a zero.
000172  000376  //       : A string in a data statement is not automatically terminated with a zero.
000173  000377  //       : All variables in 4DGL are 16bit, if an array is used for holding 8 bit characters, each array
000174  000378  //       : element packs 1 or 2 characters.
000175  000379        
000176  000380        
000177  000381  func strlen("varAddress"), 1;                   // return length of a var packed string in character units
000178  000382  // Syntax: strlen("varAddress);
000179  000383  // Usage : strlen("HELLO\n");
000180  000384  // Notes : gives the length of a string that is packed into regular var array
000181  000385  //       : Use str_Length(ptr)  for string pointer mode
000182  000386        
000183  000387        
000184  000388  //==============================================//
000185  000389  // Memory Access Function Prototypes            //
000186  000390  //==============================================//
000187  000391                                                  //
000188  000392  func peekW("address"), 1;                       // read a word from system memory
000189  000393  func pokeW("address", "wordvalue"), 0;          // write a word to system memory
000190  000394  // refer to address map of internal variables   //
000191  000395  //==============================================//
000192  000396  // Math Functions                               //
000193  000397  //==============================================//
000194  000398                                                  //
000195  000399  func ABS("value"), 1;                           // return a positive number
000196  000400  // Syntax: ABS(value);
000197  000401  // Usage : var := ABS(arg);
000198  000402  // Notes : Returns the absolute value of an argument
000199  000403        
000200  000404  func MIN("value1", "value2"), 1;                // return the smaller of 2 numbers
000201  000405  // Syntax: MIN(value1, value2);
000202  000406  // Usage : var := MIN(arg1, arg2);
000203  000407  // Notes : Returns the minimum of 2 arguments
000204  000408        
000205  000409  func MAX("value1", "value2"), 1;                // return the larger of 2 numbers
000206  000410  // Syntax: MAX(value1, value2);
000207  000411  // Usage : var := MAX(arg1, arg2);
000208  000412  // Notes : Returns the maximum of 2 arguments
000209  000413        
000210  000414  func SWAP("&var", "&var"), 0;                   // swap 2 variables, arguments must point to variables
000211  000415  // Syntax: SWAP(&var1, &var2);
000212  000416  // Usage : SWAP(&var1, &var2);
000213  000417  // Notes : Swaps the contents of 2 variables or memory locations
000214  000418        
000215  000419  func SIN("angle"), 1;                           // return SIN of angle
000216  000420  // Syntax: SIN(angle);
000217  000421  // Usage : var := SIN(arg);
000218  000422  // Notes : Returns the sine in radians of an argument in degrees
000219  000423  //       : the returned value range is from 127 to -127. The real
000220  000424  //       : cosine values vary from 1.0 to -1.0 so appropriate
000221  000425  //       : scaling must be done in user code.
000222  000426        
000223  000427  func COS("angle"), 1;                           // return COS of angle
000224  000428  // Syntax: COS(angle);
000225  000429  // Usage : var := COS(arg);
000226  000430  // Notes : Returns the cosine in radians of an argument in degrees
000227  000431  //       : the returned value range is from 127 to -127. The real
000228  000432  //       : cosine values vary from 1.0 to -1.0 so appropriate
000229  000433  //       : scaling must be done in user code.
000230  000434        
000231  000435  func RAND(), 1;                                 // return a pseudo random number
000232  000436  // Syntax: RAND();
000233  000437  // Usage : var := RAND();
000234  000438  // Notes : Returns a random number between 0 and 0xFFFF.
000235  000439  //       : The random number generator must first be seeded
000236  000440  //       : by using the SEED(number) function.
000237  000441        
000238  000442  func SEED("number"), 0;                         // re-seed the pseudo random number generator
000239  000443  // Syntax: SEED(number);
000240  000444  // Usage : SEED(arg);
000241  000445  // Notes : Seeds the random number generator.
000242  000446        
000243  000447  func OVF(), 1;                                  // returns upper 16bits of 32bit results
000244  000448  // Syntax: OVF();
000245  000449  // Usage : loWord := 0x2710 * 0x2710;           // (10000 * 10000 in hex format)
000246  000450  //       : hiWord := OVF();
000247  000451  // Notes : This function returns the high order 16 bits from certain math and shift functions..
000248  000452        
000249  000453  func SQRT("number"), 1;                         // return square root of a number
000250  000454  // Syntax: SQRT(number);
000251  000455  // Usage : SQRT(arg);
000252  000456  // Notes : Returns the integer square root of a number.
000253  000457  //------------------------------------------------------------------//
000254  000458  //          Text Related Function Prototypes
000255  000459  //------------------------------------------------------------------//
000256  000460        
000257  000461  func txt_MoveCursor("line", "column"), 0;
000258  000462  // Syntax: txt_SetCursor(line, column);
000259  000463  // Usage : txt_SetCursor(arg1, arg2);
000260  000464  // Notes : Moves the text Cursor to a new screen position set by
000261  000465  //       : line,column parameters.
000262  000466        
000263  000467  func txt_Set("mode", "value"), 0;
000264  000468  // Syntax: txt_Set(mode, value);
000265  000469  // Usage : txt_Set(arg1, arg2);
000266  000470  // Returns : Original value before the change
000267  000471  // Notes : Sets various text related parameters used by other functions
000268  000472  //       : This allows the features to be set programatically with a
000269  000473  //       : single function call.It is strongly recommended to use the
000270  000474  //       : pre-defined constants rather than the mode numbers.
000271  000475  //       : NB:- Although it is often required to be able to set text
000272  000476  //       : functions with a single function call for graphics engine
000273  000477  //       : related functions, there is a complete set of single parameter
000274  000478  //       : shortcut functions that have exactly the same function as
000275  000479  //       : each of the txt_Set modes and saves 1 parameter / uses less memory
000276  000480  //       :
000277  000481  //       : mode = TEXT_COLOUR (mode 0)
000278  000482  //       : txt_Set(TEXT_COLOUR, value);
000279  000483  //       : value = 0 to 0xFFFF, Black to White
000280  000484  //       : Sets the Text colour for the display
000281  000485  //       : Default = LIME.
000282  000486  //       :
000283  000487  //       : mode = TEXT_HIGHLIGHT (mode 1)
000284  000488  //       : txt_Set(TEXT_HIGHLIGHT, value);
000285  000489  //       : value = 0 to 0xFFFF, Black to White
000286  000490  //       : Sets the Text background colour for the display. Effective
000287  000491  //       : when text mode is Opaque.
000288  000492  //       : Default = BLACK.
000289  000493  //       :
000290  000494  //       : mode = FONT_ID (mode 2)
000291  000495  //       : txt_Set(FONT_ID, value);
000292  000496  //       : value = FONT1, FONT2 or FONT3 for internal fonts
000293  000497  //       : else this value is the name of a font included
000294  000498  //       : in a users program in a data statement.
000295  000499  //       : Default = FONT SIZE 3.
000296  000500  //       :
000297  000501  //       : mode = TEXT_WIDTH  (mode 3)
000298  000502  //       : txt_Set(TEXT_WIDTH, value);
000299  000503  //       : value = 1 to 16
000300  000504  //       : Sets the Text Width multiplier
000301  000505  //       : text will be printed magnified horizontally
000302  000506  //       : by this factor, Default = 1.
000303  000507  //       :
000304  000508  //       : mode = TEXT_HEIGHT  (mode 4)
000305  000509  //       : txt_Set(TEXT_HEIGHT, value);
000306  000510  //       : value = 1 to 16
000307  000511  //       : Sets the Text Height multiplier
000308  000512  //       : text will be printed magnified vertically
000309  000513  //       : by this factor, Default = 1.
000310  000514  //       :
000311  000515  //       : mode = TEXT_XGAP  (mode 5)
000312  000516  //       : txt_Set(TEXT_XGAP, value);
000313  000517  //       : value = 1 to 32
000314  000518  //       : Sets the horizontal gap between characters
000315  000519  //       : The gap is in pixel units, Default = 0
000316  000520  //       :
000317  000521  //       : mode = TEXT_YGAP  (mode 6)
000318  000522  //       : txt_Set(TEXT_YGAP, value);
000319  000523  //       : value = 1 to 32
000320  000524  //       : Sets the vertical gap below characters
000321  000525  //       : The gap is in pixel units, Default = 0
000322  000526  //       :
000323  000527  //       : mode = TEXT_PRINTDELAY  (mode 7) DEPRECATED
000324  000528  //       : txt_Set(TEXT_PRINTDELAY, value);
000325  000529  //       : value = 0 to 255
000326  000530  //       : Sets the delay time (in ms) during character
000327  000531  //       : printing to give a 'teletype' like effect.
000328  000532  //       : Often used to attract attention to a string
000329  000533  //       : being printed which can often be missed if
000330  000534  //       : just suddenly appearing or changing.
000331  000535  //       : Default = 0 ms.
000332  000536  //       :
000333  000537  //       : mode = TEXT_OPACITY (mode 8)
000334  000538  //       : txt_Set(TEXT_OPACITY, value);
000335  000539  //       : value = TRANSPARENT (0) = Text Trasparent
000336  000540  //       : value = OPAQUE (1) = Text Opaque
000337  000541  //       : Sets the Opacity/Transparency of the text
000338  000542  //       : Default = 0 or TRANSPARENT
000339  000543  //       :
000340  000544  //       : mode = TEXT_BOLD (mode 9)
000341  000545  //       : txt_Set(TEXT_BOLD, value);
000342  000546  //       : value = dont care
000343  000547  //       : Sets Bold Text mode for the next string or char
000344  000548  //       : The feature automatically resets after printing
000345  000549  //       : using putstr or print has completed
000346  000550  //       :
000347  000551  //       : mode = TEXT_ITALIC (mode 10)
000348  000552  //       : txt_Set(TEXT_ITALIC, value);
000349  000553  //       : value = dont care
000350  000554  //       : Sets Italic Text mode for the next string or char
000351  000555  //       : The feature automatically resets after printing
000352  000556  //       : using putstr or print has completed
000353  000557        
000354  000558  //       : mode = TEXT_INVERSE (mode 11)
000355  000559  //       : txt_Set(TEXT_INVERSE, value);
000356  000560  //       : value = dont care
000357  000561  //       : Sets Inverse Text mode for the next string or char
000358  000562  //       : The feature automatically resets after printing
000359  000563  //       : using putstr or print has completed
000360  000564  //       :
000361  000565  //       : mode = TEXT_UNDERLINED (mode 12)
000362  000566  //       : txt_Set(TEXT_UNDERLINED, value);
000363  000567  //       : value = dont care
000364  000568  //       : Sets Underlined Text mode for the next string or char
000365  000569  //       : The feature automatically resets after printing
000366  000570  //       : using putstr or print has completed
000367  000571  //       :
000368  000572  //       : mode = TEXT_ATTRIBUTES (mode 13)
000369  000573  //       : txt_Set(TEXT_ATTRIBUTES, value);
000370  000574  //       : value = bits are defined as:
000371  000575  //       :  BOLD        16          // TEXT_ATTRIBUTES bold text (auto reset)
000372  000576  //       :  ITALIC      32          // TEXT_ATTRIBUTES italic text (auto reset)
000373  000577  //       :  INVERSE     64          // TEXT_ATTRIBUTES inverse text (auto reset)
000374  000578  //       :  UNDERLINED  128         // TEXT_ATTRIBUTES underlined text (auto reset)
000375  000579  //       : Allows a combination of text attributes to be defined together
000376  000580  //       : by 'or'ing the bits together.
000377  000581  //       : Example: txt_Set(TEXT_ATTRIBUTES, BOLD | INVERSE); // bold + inverse
000378  000582  //       : The feature automatically resets after printing
000379  000583  //       : using putstr or print has completed.
000380  000584  //       : Bits 0-3 and 8-15 are reserved for future attributes.
000381  000585  //       :
000382  000586  //       : mode = TEXT_WRAP (mode 14)
000383  000587  //       : txt_Set(TEXT_WRAP , value);
000384  000588  //       : Sets the position where text wrap will occur
000385  000589  //       : The feature automatically resets when screen
000386  000590  //       : mode is changed. If the value is set to 0,
000387  000591  //       : text wrap is turned off.
000388  000592  //       : of the current screen. Default value is 0
000389  000593  // Notes : The value is in pixel units.
000390  000594  //       :
000391  000595        
000392  000596  //       : txt_Set mode 15 reserved for future use
000393  000597  //       :
000394  000598        
000395  000599        
000396  000600        
000397  000601  //=====================================================//
000398  000602  // Single parameter short-cuts                         //
000399  000603  // for the txt_Set functions                           //
000400  000604  // These functions return the existing value before    //
000401  000605  // the change is made.                                 //
000402  000606  //=====================================================//
000403  000607  func txt_FGcolour("colour"), 1;             // 0  text foreground colour
000404  000608  func txt_BGcolour("colour"), 1;             // 1  text background colour
000405  000609  func txt_FontID("id"), 1;                   // 2  text font ID (0 = system font)
000406  000610  func txt_Width("multiplier"), 1;            // 3  text width multiplier
000407  000611  func txt_Height("multiplier"), 1;           // 4  text height multiplier
000408  000612  func txt_Xgap("pixelcount"), 1;             // 5  text gap between characters
000409  000613  func txt_Ygap("pixelcount"), 1;             // 6  text gap between lines
000410  000614  func txt_Delay("millisecs"), 1;             // 7  text printing delay factor
000411  000615  func txt_Opacity("mode"), 1;                // 8  text OPAQUE or TRANSPARENT
000412  000616  func txt_Bold("mode"), 1;                   // 9  text bold ON/OFF
000413  000617  func txt_Italic("mode"), 1;                 // 10 text italic ON/OFF
000414  000618  func txt_Inverse("mode"), 1;                // 11 text inverse ON/OFF
000415  000619  func txt_Underline("mode"), 1;              // 12 text underline ON/OFF
000416  000620  func txt_Attributes("value"), 1;            // 13 text combined bold|italic|inverse|underline
000417  000621  func txt_Wrap("value"), 1;                  // 14 text set text wrap position
000418  000622  func _1F(), 0;                              // 15 text (reserved DO NOT REMOVE)
000419  000623        
000420  000624        
000421  000625  //------------------------------------------------------------------//
000422  000626  //                 Hardware Function Prototypes
000423  000627  //------------------------------------------------------------------//
000424  000628        
000425  000629  // I/O Pin reference:-
000426  000630  //
000427  000631  //    IO1_PIN           is pin 2 of J1
000428  000632  //    IO2_PIN           is pin 1 of J1
000429  000633  //    IO3_PIN           is pin 3 of J1
000430  000634  //    IO4_PIN           is pin 5 of J1 (also used for BUS_RD)
000431  000635  //    IO5_PIN           is pin 9 of J2 (also used for BUS_WR)
000432  000636  //    BUS_RD_PIN        is pin 5 of J1 (alias IO4_PIN)
000433  000637  //    BUS_WR_PIN        is pin 9 of J2 (alias IO5_PIN)
000434  000638  //    BUS_0             is pin 27 of J1
000435  000639  //    BUS_1             is pin 25 of J1
000436  000640  //    BUS_2             is pin 23 of J1
000437  000641  //    BUS_3             is pin 21 of J1
000438  000642  //    BUS_4             is pin 19 of J1
000439  000643  //    BUS_5             is pin 17 of J1
000440  000644  //    BUS_6             is pin 13 of J2
000441  000645  //    BUS_7             is pin 11 of J2
000442  000646  //    BACKLITE          is backlite control pin
000443  000647  //    AUDIO_ENABLE      is amplifier chip control pin
000444  000648        
000445  000649  func pin_Set("mode", "pin"), 1;            // set pin to required mode
000446  000650  // Syntax: pin_Set(mode, pin);
000447  000651  // Usage : pin_Set(arg1, arg2);
000448  000652  // Notes : Sets the appropriate pins to Inputs or Outputs
000449  000653  //       : returns true if the pin number is legal (usually ignored)
000450  000654  //       :
000451  000655  //       : mode = 0 : Set Pin to Output
000452  000656  //       : pin_Set(0, pin);
000453  000657  //       : pin_Set(OUTPUT, pin);
000454  000658  //       : pin = 1  : set IO1_PIN to output (pin 2 J1)
000455  000659  //       : pin = 2  : set IO2_PIN to output (pin 1 J1)
000456  000660  //       : pin = 3  : set IO3_PIN to output (pin 3 J1)
000457  000661  //       : pin = 4  : set IO4_PIN to output (pin 5 J1, also used for BUS_RD)
000458  000662  //       : pin = 5  : set IO5_PIN to output (pin 9 J2, also used for BUS_WR)
000459  000663  //       : (pin 6,7 are BACKLITE and AMP control and are permanemtly outputs which can't be altered)
000460  000664  //       : pin = 8  : set BUS_0   to output (pin 27 of J1)
000461  000665  //       : pin = 9  : set BUS_1   to output (pin 25 of J1)
000462  000666  //       : pin = 10 : set BUS_2   to output (pin 23 of J1)
000463  000667  //       : pin = 11 : set BUS_3   to output (pin 21 of J1)
000464  000668  //       : pin = 12 : set BUS_4   to output (pin 19 of J1)
000465  000669  //       : pin = 13 : set BUS_5   to output (pin 17 of J1)
000466  000670  //       : pin = 14 : set BUS_6   to output (pin 13 of J2)
000467  000671  //       : pin = 15 : set BUS_7   to output (pin 11 of J2)
000468  000672  //       : Sets the desired pin to be used as an Output.
000469  000673  //       :
000470  000674  //       : mode = 1 : Set Pin to Input
000471  000675  //       : pin_Set(1, pin);
000472  000676  //       : pin_Set(INPUT, pin);
000473  000677  //       : pin = 1  : set IO1_PIN to input (pin 2 J1)
000474  000678  //       : pin = 2  : set IO2_PIN to input (pin 1 J1)
000475  000679  //       : pin = 3  : set IO3_PIN to input (pin 3 J1)
000476  000680  //       : pin = 4  : set IO4_PIN to input (pin 5 J1, also used for BUS_RD)
000477  000681  //       : pin = 5  : set IO5_PIN to input (pin 9 J2, also used for BUS_WR)
000478  000682  //       : (pin 6,7 are BACKLITE and AMP control and are permanemtly outputs which can't be altered)
000479  000683  //       : pin = 8  : set BUS_0   to input (pin 27 of J1)
000480  000684  //       : pin = 9  : set BUS_1   to input (pin 25 of J1)
000481  000685  //       : pin = 10 : set BUS_2   to input (pin 23 of J1)
000482  000686  //       : pin = 11 : set BUS_3   to input (pin 21 of J1)
000483  000687  //       : pin = 12 : set BUS_4   to input (pin 19 of J1)
000484  000688  //       : pin = 13 : set BUS_5   to input (pin 17 of J1)
000485  000689  //       : pin = 14 : set BUS_6   to input (pin 13 of J2)
000486  000690  //       : pin = 15 : set BUS_7   to input (pin 11 of J2)
000487  000691  //       : Sets the desired pin to be used as an Input.
000488  000692        
000489  000693  func pin_HI("pin"), 1;                    // set pin to logic '1'
000490  000694  // Syntax: pin_HI(pin);
000491  000695  // Usage : pin_HI(arg);
000492  000696  // Notes : Outputs a logic "High" (3.3V) on the appropriate
000493  000697  //       : pin that was previously selected as an Output.
000494  000698  //       : returns true if the pin number is legal (usually ignored)
000495  000699  //       :
000496  000700  //       : pin = 1  : set IO1_PIN to "High" level (pin 2 of J1)
000497  000701  //       : pin = 2  : set IO2_PIN to "High" level (pin 1 of J1)
000498  000702  //       : pin = 3  : set IO3_PIN to "High" level (pin 3 of J1)
000499  000703  //       : pin = 4  : set IO4_PIN to "High" level (pin 5 of J1, also used for BUS_RD)
000500  000704  //       : pin = 5  : set IO5_PIN to "High" level (pin 9 of J2, also used for BUS_WR)
000501  000705  //       : pin = 6  : set DCENB pin to "High" level (BACKLITE ON)
000502  000706  //       : pin = 7  : set AUDIO_ENABL pin to "High" level (AMP OFF)
000503  000707  //       : pin = 8  : set BUS_0   to "High" level (pin 27 of J1)
000504  000708  //       : pin = 9  : set BUS_1   to "High" level (pin 25 of J1)
000505  000709  //       : pin = 10 : set BUS_2   to "High" level (pin 23 of J1)
000506  000710  //       : pin = 11 : set BUS_3   to "High" level (pin 21 of J1)
000507  000711  //       : pin = 12 : set BUS_4   to "High" level (pin 19 of J1)
000508  000712  //       : pin = 13 : set BUS_5   to "High" level (pin 17 of J1)
000509  000713  //       : pin = 14 : set BUS_6   to "High" level (pin 13 of J2)
000510  000714  //       : pin = 15 : set BUS_7   to "High" level (pin 11 of J2)
000511  000715        
000512  000716  func pin_LO("pin"), 1;                    // set pin to logic '0'
000513  000717  // Syntax: pin_LO(pin);
000514  000718  // Usage : pin_LO(arg);
000515  000719  // Notes : Outputs a logic "Low" (0V) on the appropriate
000516  000720  //       : pin that was previously selected as an Output.
000517  000721  //       : returns true if the pin number is legal (usually ignored)
000518  000722  //       :
000519  000723  //       : pin = 1 : set IO1_PIN to "Low" level (pin 2 of J1)
000520  000724  //       : pin = 2 : set IO2_PIN to "Low" level (pin 1 of J1)
000521  000725  //       : pin = 3 : set IO3_PIN to "Low" level (pin 3 of J1)
000522  000726  //       : pin = 4 : set IO4_PIN to "Low" level (pin 5 of J1, also used for BUS_RD)
000523  000727  //       : pin = 5 : set IO5_PIN to "Low" level (pin 9 of J2, also used for BUS_WR)
000524  000728  //       : pin = 6 : set DCENB pin to "Low" level (BACKLITE)
000525  000729  //       : pin = 7 : set AUDIO_ENABL pin to "Low" level (AMP ON)
000526  000730  //       : pin = 8  : set BUS_0  to "Low" level (pin 27 of J1)
000527  000731  //       : pin = 9  : set BUS_1  to "Low" level (pin 25 of J1)
000528  000732  //       : pin = 10 : set BUS_2  to "Low" level (pin 23 of J1)
000529  000733  //       : pin = 11 : set BUS_3  to "Low" level (pin 21 of J1)
000530  000734  //       : pin = 12 : set BUS_4  to "Low" level (pin 19 of J1)
000531  000735  //       : pin = 13 : set BUS_5  to "Low" level (pin 17 of J1)
000532  000736  //       : pin = 14 : set BUS_6  to "Low" level (pin 13 of J2)
000533  000737  //       : pin = 15 : set BUS_7  to "Low" level (pin 11 of J2)
000534  000738        
000535  000739  func pin_Read("pin"), 1;                // read pin, logic or analogue
000536  000740  // Syntax: pin_Read(pin);
000537  000741  // Usage : arg1 := pin_Read(arg2);
000538  000742  // Notes : Reads the logic state of the appropriate
000539  000743  //       : pin that was previously selected as an Input.
000540  000744  //       :
000541  000745  //       : pin = 1  : Read the state of IO1_PIN (pin 2 of J1)
000542  000746  //       : pin = 2  : Read the state of IO2_PIN (pin 1 of J1)
000543  000747  //       : pin = 3  : Read the state of IO3_PIN (pin 3 of J1)
000544  000748  //       : pin = 4  : Read the state of IO4_PIN (pin 5 of J1, also used for BUS_RD)
000545  000749  //       : pin = 5  : Read the state of IO5_PIN (pin 9 of J2, also used for BUS_WR)
000546  000750  //       : pin = 6  : Read the state of DCENB pin to "Low" level (BACKLITE)
000547  000751  //       : pin = 7  : Read the state of AUDIO_ENABL pin to "Low" level (AMP ON)
000548  000752  //       : pin = 8  : Read the state of BUS_0   (pin 27 of J1)
000549  000753  //       : pin = 9  : Read the state of BUS_1   (pin 25 of J1)
000550  000754  //       : pin = 10 : Read the state of BUS_2   (pin 23 of J1)
000551  000755  //       : pin = 11 : Read the state of BUS_3   (pin 21 of J1)
000552  000756  //       : pin = 12 : Read the state of BUS_4   (pin 19 of J1)
000553  000757  //       : pin = 13 : Read the state of BUS_5   (pin 17 of J1)
000554  000758  //       : pin = 14 : Read the state of BUS_6   (pin 13 of J2)
000555  000759  //       : pin = 15 : Read the state of BUS_7   (pin 11 of J2)
000556  000760  //       : Returns a 0 (logic low) or 1 (logic high).
000557  000761        
000558  000762        
000559  000763  //------------------------------------------------------------------//
000560  000764  //                 P1 module BUS I/O control
000561  000765  //------------------------------------------------------------------//
000562  000766        
000563  000767  func bus_In(), 1;
000564  000768  // Syntax: bus_In();
000565  000769  // Usage : arg1 := bus_In();
000566  000770  // Notes : Read the 8bit wide bus into the lower 8 bits of arg1.
000567  000771  //       : The upper 8 bits of arg1 are set to 0.
000568  000772  //       : the BUS_RD and BUS_WR pins are not affected.
000569  000773  //       :
000570  000774  //       : BUS_0 is pin 27 of J1
000571  000775  //       : BUS_1 is pin 25 of J1
000572  000776  //       : BUS_2 is pin 23 of J1
000573  000777  //       : BUS_3 is pin 21 of J1
000574  000778  //       : BUS_4 is pin 19 of J1
000575  000779  //       : BUS_5 is pin 17 of J1
000576  000780  //       : BUS_6 is pin 13 of J2
000577  000781  //       : BUS_7 is pin 11 of J2
000578  000782        
000579  000783  func bus_Out("var"), 0;
000580  000784  // Syntax: bus_Out(var);
000581  000785  // Usage : bus_Out(arg1);
000582  000786  // Notes : The lower 8 bits of arg1 are placed on the 8bit wide bus.
000583  000787  //       : The upper 8 bits of arg1 are ignored.
000584  000788  //       : the BUS_RD and BUS_WR pins are not affected.
000585  000789  //       : NB:- any BUS pins that are set to inputs are not affected.
000586  000790  //       :
000587  000791  //       : BUS_0 is pin 27 of J1
000588  000792  //       : BUS_1 is pin 25 of J1
000589  000793  //       : BUS_2 is pin 23 of J1
000590  000794  //       : BUS_3 is pin 21 of J1
000591  000795  //       : BUS_4 is pin 19 of J1
000592  000796  //       : BUS_5 is pin 17 of J1
000593  000797  //       : BUS_6 is pin 13 of J2
000594  000798  //       : BUS_7 is pin 11 of J2
000595  000799        
000596  000800  func bus_Set("var"), 0;
000597  000801  // Syntax: bus_Set(var);
000598  000802  // Usage : bus_Set(arg1);
000599  000803  // Notes : The lower 8 bits of arg1 are placed in the BUS direction register.
000600  000804  //       : a '1' sets a pin to be an input, a '0' sets a pin to be output.
000601  000805  //       : The upper 8 bits of arg1 are ignored.
000602  000806  //       : the BUS_RD and BUS_WR pins are not affected.
000603  000807  //       :
000604  000808  //       : BUS_0 is pin 27 of J1
000605  000809  //       : BUS_1 is pin 25 of J1
000606  000810  //       : BUS_2 is pin 23 of J1
000607  000811  //       : BUS_3 is pin 21 of J1
000608  000812  //       : BUS_4 is pin 19 of J1
000609  000813  //       : BUS_5 is pin 17 of J1
000610  000814  //       : BUS_6 is pin 13 of J2
000611  000815  //       : BUS_7 is pin 11 of J2
000612  000816        
000613  000817  func bus_Write("var"), 0;
000614  000818  // Syntax: bus_Write(var);
000615  000819  // Usage : bus_Write(arg1);
000616  000820  // Notes : The lower 8 bits of arg1 are placed on the BUS, then, after
000617  000821  //       : a settling delay of approx 50nsec, the BUS_WR pin is strobed
000618  000822  //       : LO for approx 50nsec then set back HI.
000619  000823  //       : The upper 8 bits of arg1 are ignored.
000620  000824  //       : NB:- the BUS_WR pin is automatically pre-set to an output to
000621  000825  //       : ensure BUS write integrity.
000622  000826  //       :
000623  000827  //       : BUS_0 is pin 27 of J1
000624  000828  //       : BUS_1 is pin 25 of J1
000625  000829  //       : BUS_2 is pin 23 of J1
000626  000830  //       : BUS_3 is pin 21 of J1
000627  000831  //       : BUS_4 is pin 19 of J1
000628  000832  //       : BUS_5 is pin 17 of J1
000629  000833  //       : BUS_6 is pin 13 of J2
000630  000834  //       : BUS_7 is pin 11 of J2
000631  000835        
000632  000836  func bus_Read(), 1;
000633  000837  // Syntax: bus_Read();
000634  000838  // Usage : arg1 := bus_Read();
000635  000839  // Notes : The BUS_RD pin set to LO, then, after a settling delay
000636  000840  //       : of approx 50nsec, the BUS is read into the lower 8 bits of arg
000637  000841  //       : (the upper 8 bits being set to 0)
000638  000842  //       : the BUS_RD pin is then set back to a HI level.
000639  000843  //       : NB:- the BUS_RD pin is automatically pre-set to an output to
000640  000844  //       : ensure BUS write integrity.
000641  000845  //       :
000642  000846  //       : BUS_0 is pin 27 of J1
000643  000847  //       : BUS_1 is pin 25 of J1
000644  000848  //       : BUS_2 is pin 23 of J1
000645  000849  //       : BUS_3 is pin 21 of J1
000646  000850  //       : BUS_4 is pin 19 of J1
000647  000851  //       : BUS_5 is pin 17 of J1
000648  000852  //       : BUS_6 is pin 13 of J2
000649  000853  //       : BUS_7 is pin 11 of J2
000650  000854        
000651  000855        
000652  000856  //------------------------------------------------------------------//
000653  000857  //   Graphics Functions
000654  000858  //------------------------------------------------------------------//
000655  000859  func gfx_Set("mode", "value"), 0;            // set various graphics functions
000656  000860  // Syntax: gfx_Set(mode, value);
000657  000861  // Usage : gfx_Set(arg1, arg2);
000658  000862  // Notes : Sets various graphics parameters used by other functions
000659  000863  //       : This allows the features to be set programatically with a
000660  000864  //       : single function call.It is strongly recommended to use the
000661  000865  //       : pre-defined constants rather than the mode numbers.
000662  000866  //       : NB:- Although it is often required to be able to set graphics
000663  000867  //       : functions with a single function call for graphics engine
000664  000868  //       : related functions, there is a complete set of single parameter
000665  000869  //       : shortcut functions that have exactly the same function as
000666  000870  //       : each of the gfx_Set modes and saves 1 parameter / uses less memory
000667  000871  //       :
000668  000872  //       : mode = PEN_SIZE (mode 16)
000669  000873  //       : gfx_Set(PEN_SIZE, value);
000670  000874  //       : value = SOLID (value 0) rectangle and circle objects are solid
000671  000875  //       : value = OUTLINE (value 1) rectangle and circle objects are outlines
000672  000876  //       : Sets the mode of the Pen used by most graphics objects
000673  000877  //       :
000674  000878  //       : mode = BACKGROUND_COLOUR (mode 17)
000675  000879  //       : gfx_Set(BACKGROUND_COLOUR, value);
000676  000880  //       : value = 0 to 0xFFFF, Black to White
000677  000881  //       : Sets the Background colour of the screen
000678  000882  //       :
000679  000883  //       : mode = OBJECT_COLOUR (mode 18)
000680  000884  //       : gfx_Set(OBJECT_COLOUR, value);
000681  000885  //       : value = 0 to 0xFFFF, Black to White
000682  000886  //       : Sets the Object colour used in various functions
000683  000887  //       : LineTo(,,); LineRel(,,); BoxTo(,,); Dot(); etc.
000684  000888  //       :
000685  000889  //       : mode = CLIPPING (mode 19)
000686  000890  //       : gfx_Set(CLIPPING, value);
000687  000891  //       : value = OFF (value 0) Clipping disabled
000688  000892  //       : value = ON (value 1) Clipping enabled
000689  000893  //       : Enables/Disables the Clipping feature
000690  000894  //       :
000691  000895  //       : mode = TRANSPARENT_COLOUR (mode 20) : Image or Animation Transparency Colour.
000692  000896  //       : gfx_Set(TRANSPARENT_COLOUR, value);
000693  000897  //       : value = 0 to 0xFFFF Black to White
000694  000898  //       : Sets Bitmap, Image or Animation Transparency Colour.
000695  000899  //       : NB not implemented
000696  000900  //       :
000697  000901  //       : mode = TRANSPARENCY (mode 21) : Bitmap/Image/Animation Transparency
000698  000902  //       : gfx_Set(5, value);
000699  000903  //       : value = OFF (value 0) Transparency disabled
000700  000904  //       : value = ON (value 1) Transparency enabled
000701  000905  //       : Enables/Disables the Transparency feature
000702  000906  //       : NB not implemented
000703  000907  //       :
000704  000908  //       : mode = FRAME_DELAY (mode 22) : Inter-Frame Delay
000705  000909  //       : gfx_Set(FRAME_DELAY, value);
000706  000910  //       : value = 0 to 65535 ms
000707  000911  //       : Sets the Video/Animation clip inter-frame delay. This setting will
000708  000912  //       : over-ride the embedded frame delay of the clip. After the event,
000709  000913  //       : the setting will auto disable and if further inter-frame delays need
000710  000914  //       : overriding the setting must be re-issued.
000711  000915  //       :
000712  000916  //       : mode = SCREEN_MODE (mode 23) : Set required screen behaviour
000713  000917  //       : gfx_Set(SCREEN_MODE, value);
000714  000918  //       : value = LANDSCAPE   (value 0)
000715  000919  //       : value = LANDSCAPE_R (value 1)
000716  000920  //       : value = PORTRAIT    (value 2)
000717  000921  //       : value = PORTRAIT_R  (value 3)
000718  000922  //       :
000719  000923  //       : mode = OUTLINE_COLOUR (mode 24) : Outline Colour
000720  000924  //       : gfx_Set(OUTLINE_COLOUR, value);
000721  000925  //       : value = 1 to 0xFFFF, if 0, featre is OFF
000722  000926  //       : Sets the filled Rectangle or Circle objects outline colour
000723  000927  //       : If outline colour, is 0, OUTLINE_COLOUR feature is disabled
000724  000928  //       : gfx_Set(OUTLINE_COLOUR, OFF); may be used for this
000725  000929  //       :
000726  000930  //       : Only supports variable contrast for uOLED Modules
000727  000931  //       : mode = CONTRAST (mode 25) : Contrast
000728  000932  //       : gfx_Set(CONTRAST, value);
000729  000933  //       : value = 0 to 9, 0=off, 1=lowest, 8=highest contrast
000730  000934  //       : when contrast=0, display is placed in low power mode.
000731  000935  //       : This function should be called with contrast=0 when
000732  000936  //       : powering down the module.
000733  000937  //       :
000734  000938  //       : mode = LINE_PATTERN (mode 26) : Line Pattern
000735  000939  //       : gfx_Set(LINE_PATTERN, value);
000736  000940  //       : gfx_Set(LINE_PATTERN, 0b1111000011110000); // draw dotted line
000737  000941  //       : gfx_Set(LINE_PATTERN, OFF); // line patterning OFF
000738  000942  //       : a value of 0 turns the feature off
000739  000943  //       :
000740  000944  //       : mode = COLOUR_MODE (mode 27) : 8/16 bit colour mode
000741  000945  //       : gfx_Set(COLOUR_MODE , COLOUR16);   // set 16bit colour mode
000742  000946  //       : gfx_Set(COLOUR_MODE , COLOUR8);   // set 8bit colour mode
000743  000947  //       : NB not implemented, default is COLOUR16
000744  000948  //       :
000745  000949  //       : mode = BEVEL_WIDTH (mode 28) : set button and slider bevel width
000746  000950  //       : gfx_Set(BEVEL_WIDTH , 5);   // set bevel lines to 5 pixels wide
000747  000951  //       : sets the button and slider objects bevel width
000748  000952  //       :
000749  000953  //       : mode = BEVEL_SHADOW (mode 29) : set bevel shadowing depth for buttons and sliders
000750  000954  //       : gfx_Set(BEVEL_SHADOW , 5);
000751  000955  //       : sets the button and slider objects darken and lighten depth for the bevel colour
000752  000956  //       :
000753  000957  //       : mode = X_ORIGIN (mode 29) : set x offset for screen
000754  000958  //       : gfx_Set(X_ORIGIN , 25);  // object are offset 25 pixels from LHS
000755  000959  //       : sets the origin of drawn objects to a position other than 0,0
000756  000960  //       :
000757  000961  //       : mode = Y_ORIGIN (mode 29) : set y offset for screen
000758  000962  //       : gfx_Set(Y_ORIGIN , 30);  // object are offset 30 pixels from TOP
000759  000963  //       : sets the origin of drawn objects to a position other than 0,0
000760  000964        
000761  000965        
000762  000966  func gfx_Cls(), 0;                    // clear the screen
000763  000967  // Syntax: gfx_Cls();
000764  000968  // Usage : gfx_Cls();
000765  000969  // Notes : Clears the screen with current background colour
000766  000970        
000767  000971  func gfx_MoveTo("x", "y"), 0;                // set glb_X1 and glb_Y1 to required co-ordinate
000768  000972  // Syntax: gfx_MoveTo(x, y);
000769  000973  // Usage : gfx_MoveTo(arg1, arg2);
000770  000974  // Notes : Moves the origin to a new x,y position
000771  000975        
000772  000976  func gfx_MoveRel("x", "y"), 0;                // set glb_X1 and glb_Y1 to new relative offset
000773  000977  // Syntax: gfx_MoveRel(x, y);
000774  000978  // Usage : gfx_MoveRel(arg1, arg2);
000775  000979  // Notes : Moves the origin to a new x,y position
000776  000980  //       : relative to the current origing
000777  000981        
000778  000982  func gfx_LineTo("x1", "y1"), 0;                     // draw line from current origin to new point
000779  000983  // Syntax: gfx_LineTo(x1, y1);
000780  000984  // Usage : gfx_LineTo(arg1, arg2);
000781  000985  // Notes : Draws a Line from the origin x,y to x1,y1.
000782  000986  //       : The new origin is then set to x1, y1. Line colour needs
000783  000987  //       : to be preset with "Set Object colour" using gfx_Set(mode=2, colour);
000784  000988        
000785  000989  func gfx_LineRel("x1", "y1"), 0;                    // draw line from current origin to new relative offset
000786  000990  // Syntax: gfx_LineRel(x1, y1);
000787  000991  // Usage : gfx_LineRel(arg1, arg2);
000788  000992  // Notes : Draws a Line from the origin x,y to x1,y1.
000789  000993  //       : Unlike gfx_MoveTo() the origin is not updated with x1, y1. Line colour needs
000790  000994  //       : to be preset with "Set Object colour" using gfx_Set(OBJECT_COLOUR, colour);
000791  000995        
000792  000996  func gfx_Line("x1", "y1", "x2", "y2", "colr"), 0;   // draw line, can be patterned
000793  000997  // Syntax: gfx_Line(x1, x2, y2, colr);
000794  000998  // Usage : gfx_Line(arg1, arg2, arg3, arg4, arg5);
000795  000999  // Notes : Plots a coloured Line from x1,y1 to x2,y2 on the screen
000796  001000        
000797  001001  func gfx_Hline("y", "x1", "x2", "colr"), 1;         // draw Hline, can be patterned
000798  001002  // Syntax: gfx_Line(x1, x2, y, colr);
000799  001003  // Usage : gfx_Line(arg1, arg2, arg3, arg4);
000800  001004  // Notes : Plots a coloured Horizontal line from x1,y to x2,y on the screen
000801  001005        
000802  001006  func gfx_Vline("x", "y1", "y2", "colr"), 1;         // draw Vline, can be patterned
000803  001007  // Syntax: gfx_Line(y1, y2, x, colr);
000804  001008  // Usage : gfx_Line(arg1, arg2, arg3, arg4);
000805  001009  // Notes : Plots a coloured Vertical line from x,y1 to x,y2 on the screen
000806  001010        
000807  001011  func gfx_Rectangle("x1" ,"y1", "x2", "y2", "colr"), 0;    // draw open rectangle,line can be patterned
000808  001012  // Syntax: gfx_Rectangle(x1, y1, x2, y2, colr);
000809  001013  // Usage : gfx_Rectangle(arg1, arg2, arg3, arg4, arg5);
000810  001014  // Notes : Plots a coloured Outline Rectangle from top corner (x1,y1) to
000811  001015  //       : bottom corner (x2,y2) on the screen.
000812  001016        
000813  001017  func gfx_RectangleFilled("x1","y1","x2","y2","colr"), 0;    // draw filled rectangle
000814  001018  // Syntax: gfx_Rectangle(x1, y1, x2, y2, colour);
000815  001019  // Usage : gfx_Rectangle(arg1, arg2, arg3, arg4, arg5);
000816  001020  // Notes : Plots a coloured Solid Rectangle from top corner (x1,y1) to
000817  001021  //       : bottom corner (x2,y2) on the screen.
000818  001022        
000819  001023  func gfx_Circle("x", "y", "rad", "colr"), 0;        // draw open circle
000820  001024  // Syntax: gfx_Circle(x, y, rad, colr);
000821  001025  // Usage : gfx_Circle(arg1, arg2, arg3, arg4);
000822  001026  // Notes : Plots a coloured outline Circle on the screen at centre x,y with radius = rad
000823  001027        
000824  001028  func gfx_CircleFilled("x", "y", "rad", "colr"), 0;    // draw filled circle
000825  001029  // Syntax: gfx_Circle(x, y, rad, colr);
000826  001030  // Usage : gfx_Circle(arg1, arg2, arg3, arg4);
000827  001031  // Notes : Plots a coloured Solid Circle on the screen at centre x,y with radius = rad
000828  001032        
000829  001033  func gfx_PutPixel("x", "y", "colr"), 0;            // set point at x y
000830  001034  // Syntax: gfx_PutPixel(x, y, colr);
000831  001035  // Usage : gfx_PutPixel(arg1, arg2, arg3);
000832  001036  // Notes : Plots a coloured pixel on the screen at x,y location
000833  001037        
000834  001038  func gfx_GetPixel("x", "y"), 1;                // read colour at point x y
000835  001039  // Syntax: gfx_GetPixel(x, y);
000836  001040  // Usage : var := gfx_GetPixel(arg1, arg2);
000837  001041  // Notes : Reads and returns the colour value of a pixel at location x,y
000838  001042        
000839  001043  func gfx_Triangle("x1","y1","x2","y2","x3","y3","colr"), 0; // draw an open triangle
000840  001044  // Syntax: gfx_Triangle(x1, y1, x2, y2, x3, y3, colr);
000841  001045  // Usage : gfx_Triangle(arg1, arg2, arg3, arg4, arg5, arg6, arg7);
000842  001046  // Notes : Plots a coloured outline Triangle from between 3 vertices: x1,y1 x2,y2 x3,y3
000843  001047  //       : Vertices must be specified in an anti-clockwise fashion
000844  001048        
000845  001049  func gfx_OrbitInit("&x_orb", "&y_orb"), 0;        // set result holders for orbit command
000846  001050  // Syntax: gfx_OrbitInit(&x_orb, &y_orb);
000847  001051  // Usage : gfx_OrbitInit(&arg1, &arg2);
000848  001052  // Notes : Sets up the Orbit function parameters.
000849  001053  //       : &x_orb, &y_orb: calcualted Orbit coordiantes. These are pointers to local
000850  001054  //       : variables that get updated after calling gfx_Orbit(,,) function.
000851  001055  //       : The coordiantaes are calculated relative to the origin
000852  001056  //       : obtained by using the gfx_MoveTo(x, y) function.
000853  001057        
000854  001058  func gfx_Orbit("angle", "distance"), 0;            // calculate point at angle, distance
000855  001059  // Syntax: gfx_Orbit(angle, distance);
000856  001060  // Usage : gfx_Orbit(arg1, arg2);
000857  001061  // Notes : The Orbit function calcualtes the x, y coordinates of a distant point whose
000858  001062  //       : only known parameters are the angle and the distance from the current origin.
000859  001063        
000860  001064  func gfx_Polyline("n", "&vx", "&vy", "colr"), 0;    // draw a polyline from a table of vertices
000861  001065  // Syntax: gfx_Polyline(numbVertices, &vertices_x, &vertices_y, colour);
000862  001066  // Usage : gfx_Polyline(arg1, x[array], y[array], arg2);
000863  001067  // Notes : This function is very similar to the Ploygon function
000864  001068  //       : with the exception of the 1st and the last vertices not joined.
000865  001069        
000866  001070  func gfx_Polygon("n", "&vx", "&vy", "colr"), 0;        // draw a polygon from a table of vertices
000867  001071  // Syntax: gfx_Polygon(numbVertices, &vx, &y, colour);
000868  001072  // Usage : gfx_Polygon(arg1, x[array], y[array], arg2);
000869  001073  // Notes : Plots a coloured outline Polygon between specified vertices: x1,y1 x2,y2 .. xn,yn
000870  001074  //       : Vertices must be minimum of 3 and can be specified in any fashion
000871  001075        
000872  001076  func gfx_Dot(), 0;                    // set point at glb_X glb_Y, default colour
000873  001077  // Syntax: gfx_Dot();
000874  001078  // Usage : gfx_Dot();
000875  001079  // Notes : Places a coloured dot at the origin
000876  001080        
000877  001081        
000878  001082  func gfx_Bullet("r"), 0;                // draw circle at glb_X glb_Y, default colour
000879  001083  // Syntax: gfx_Bullet();
000880  001084  // Usage : gfx_Bullet();
000881  001085  // Notes : Places a coloured circle at the origin
000882  001086  //       : filled or unfilled state is controlled by PenSize
000883  001087        
000884  001088  func gfx_IncX(), 1;                    // increment global origin glb_X, returning new value
000885  001089  // Syntax: gfx_IncX();
000886  001090  // Usage : var := gfx_IncX();
000887  001091  // Notes : Increments the x coordinate of the origin
000888  001092        
000889  001093  func gfx_IncY(), 1;                    // increment global origin glb_Y, returning new value
000890  001094  // Syntax: gfx_IncY();
000891  001095  // Usage : var := gfx_IncY();
000892  001096  // Notes : Increments the y coordinate of the origin
000893  001097        
000894  001098  func gfx_BoxTo("x1", "y1"), 0;                // draw rectangle from current origin to x1 y1
000895  001099  // Syntax: gfx_BoxTo(x1, y1);
000896  001100  // Usage : gfx_BoxTo(arg1, arg2);
000897  001101  // Notes : Draws a Rectangle from the origin x,y to x1,y1.
000898  001102  //       : The new origin is then set to x1,y1. Rectangle colour needs
000899  001103  //       : to be preset with "Set Object colour" using gfx_Set(mode=2, colour);
000900  001104  //       : and the PenSize setting determines if Box is solid or outline.
000901  001105        
000902  001106  func gfx_ClipWindow("x1" ,"y1", "x2", "y2"), 0;         // set the cipping area
000903  001107  // Syntax: gfx_ClipWindow(x1, y1, x2, y2);
000904  001108  // Usage : gfx_ClipWindow(arg1, arg2, arg3, arg4);
000905  001109  // Notes : Specifies a clipping window region on the screen such that any objects
000906  001110  //       : and text placed onto the screen will be clipped and displayed only
000907  001111  //       : within that region. For the clipping window to take effect, "Clipping"
000908  001112  //       : must be enabled seperately using the gfx_Set(CLIPPING, ON) command.
000909  001113        
000910  001114        
000911  001115  func gfx_ChangeColour("oldcolr", "newcolr"), 0;         // change pixel colour in clipping area
000912  001116  // Syntax: gfx_ChangeColour(oldcolr, newcolr);
000913  001117  // Usage : gfx_ChangeColour(0xFF00, 0XFFFF);
000914  001118  // *Notes:
000915  001119        
000916  001120  func gfx_SetClipRegion(), 0;                            // set clipping area to the most recent extents
000917  001121  // Syntax: gfx_SetClipRegion();
000918  001122  // Usage : var := gfx_SetClipRegion();
000919  001123  // *Notes:
000920  001124        
000921  001125  func gfx_Ellipse("x", "y", "xrad", "yrad", "colour"), 0;
000922  001126  // Syntax: gfx_Ellipse(x, y, xrad, yrad, colour);
000923  001127  // Usage : gfx_Ellipse(arg1, arg2, arg3, arg4, arg5);
000924  001128  // Notes : Plots a coloured Ellipse on the screen at centre x,y
000925  001129  //       : with xradius = xrad and yradius = yrad.
000926  001130  //       : if PenSize = 0 Ellipse is Solid
000927  001131  //       : if PenSize = 1 Ellipse is Outline
000928  001132        
000929  001133        
000930  001134  func gfx_EllipseFilled("x", "y", "xrad", "yrad", "colour"), 0;
000931  001135  // Syntax: gfx_EllipseFilled(x, y, xrad, yrad, colour);
000932  001136  // Usage : gfx_EllipseFilled(arg1, arg2, arg3, arg4, arg5);
000933  001137  // Notes : Plots a coloured Ellipse on the screen at centre x,y
000934  001138  //       : with xradius = xrad and yradius = yrad.
000935  001139        
000936  001140  func gfx_Button("state", "x", "y", "buttonColour", "textColour", "font", "textWidth", "textHeight", "text"), 0;
000937  001141  // Syntax: gfx_Button(mode, x, y, buttonColour, textColour, font, textWidth, textHeight, text);
000938  001142  // Usage : gfx_Button(arg1, arg2, arg3, arg4, arg5, arg6, arg7, arg8, arg9);
000939  001143  // Notes : Draws a 3 dimensional Text Button at screen location defined by
000940  001144  //       : x,y arguments (top left corner). The size of the button depends on
000941  001145  //       : the font, width, height and length of the text.
000942  001146  //       : The button appearance will depend on the state parameter setting:
000943  001147  //       :         state = 0 : Button Pressed
000944  001148  //       :         state = 1 : Button Raised
000945  001149        
000946  001150  func gfx_Panel("state", "x", "y", "width", "height", "colour"), 0;
000947  001151  // Syntax: gfx_Panel("style", "x", "y", "width", "height", "colour"), 0;
000948  001152  // Usage : gfx_Panel(PANEL_RAISED, x, y, w, h, GRAY);
000949  001153  // Notes : Draws a panel (groupbox) at screen location defined by
000950  001154  //       : x, y, width and height with colour "colour".
000951  001155  //       :         state = 0 : recessed
000952  001156  //       :         state = 1 : raised
000953  001157        
000954  001158  func gfx_Slider("mode", "x1", "y1", "x2", "y2", "colour", "scale", "value"), 1;
000955  001159  // Syntax: gfx_Slider(mode, x1, y1, x2, y2, colour, scale, value);
000956  001160  // Usage : gfx_Slider(arg1, arg2, arg3, arg4, arg5, arg6, arg7, arg8);
000957  001161  // Notes : Draws a 3 dimensional Slider Bar on the screen.
000958  001162  //       : Slider parameters are as follows:
000959  001163  //       :         mode = 0 : Slider recessed
000960  001164  //       :         mode = 1 : Slider raised
000961  001165  //       :         x1, y1 = top left corner
000962  001166  //       :         x2, y2 = bottom right corner
000963  001167  //       :         scale = n : sets the full scale range from 0 to n
000964  001168  //       :         value = m : sets the relative position of the thumb 0 <= m <= n
000965  001169  //       : returns:-
000966  001170        
000967  001171        
000968  001172  func gfx_ScreenCopyPaste("xs", "ys", "xd", "yd", "width", "height"), 0;
000969  001173  // Syntax: gfx_ScreenCopyPaste(xs, ys, xd, yd, width, height);
000970  001174  // Usage : gfx_ScreenCopyPaste(arg1, arg2, arg3, arg4, arg5, arg6);
000971  001175  // Notes : Copies an area of a screen from xs,ys of size given by width and height
000972  001176  //       : and pastes it to another location determined by xd, yd.
000973  001177        
000974  001178  func gfx_RGBto565("RED", "GREEN", "BLUE"), 1;
000975  001179  // Syntax: gfx_RGBto565(red, green, blue);
000976  001180  // Usage : gfx_RGBto565(arg1, arg2, arg3);
000977  001181  // Notes : Returns the 16bit (565 format) colour value of a 24bit (R,G,B format) colour
000978  001182        
000979  001183  func gfx_332to565("COLOUR8BIT"), 1;
000980  001184  // Syntax: gfx_332to565(colour);
000981  001185  // Usage : gfx_332to565(arg);
000982  001186  // Notes : Returns the 16bit (565 format) colour value of an 8 bit (332 format) colour
000983  001187        
000984  001188  func gfx_Selection("index", "backcolor", "textcolor"), 0;
000985  001189  // Syntax: gfx_Selection("index", "backcolor", "textcolor"), 0;
000986  001190  // Usage : gfx_Selection(1, RED, YELLOW);
000987  001191  // Notes : Called prior to drawing a button, this function
000988  001192  //       : hilites the required text line on a multiline button.
000989  001193        
000990  001194  func gfx_TriangleFilled("x1","y1","x2","y2","x3","y3","colr"), 0; // draw a filled triangle
000991  001195  // Syntax: gfx_TriangleFilled(x1, y1, x2, y2, x3, y3, colr);
000992  001196  // Usage : gfx_TriangleFilled(arg1, arg2, arg3, arg4, arg5, arg6, arg7);
000993  001197  // Notes : Plots a coloured Solid Triangle from between 3 vertices: x1,y1 x2,y2 x3,y3
000994  001198  //       : Vertices must be specified in an anti-clockwise fashion
000995  001199        
000996  001200        
000997  001201  func gfx_PolygonFilled("n", "&vx", "&vy", "colr"), 0;        // draw a filled polygon from a table of vertices
000998  001202  // Syntax: gfx_PolygonFilled(numbVertices, &vx, &y, colour);
000999  001203  // Usage : gfx_PolygonFilled(arg1, x[array], y[array], arg2);
001000  001204  // Notes : Plots a solid Polygon between specified vertices: x1,y1 x2,y2 .. xn,yn
001001  001205  //       : Vertices must be minimum of 3 and can be specified in any fashion
001002  001206        
001003  001207        
001004  001208  func gfx_Origin("x", "y"), 0;            // set relative screen offset for graphics objects
001005  001209  // Syntax: gfx_Offset(x, y);
001006  001210  // Usage : gfx_Offset(arg1, arg2);
001007  001211  // Notes : Set the screen offset
001008  001212        
001009  001213        
001010  001214        
001011  001215  func gfx_Get("mode"), 1;
001012  001216  // Syntax: gfx_Get(mode);
001013  001217  // Usage : arg1 := gfx_Get(arg);
001014  001218  // Notes : Returns various parameters to caller
001015  001219  //       :
001016  001220  //       : mode = X_MAX (mode 0) : current orientations maximum X value
001017  001221  //       : var := gfx_Get(X_MAX);
001018  001222  //       : Returns the maximum horizontal value of the display
001019  001223  //       :
001020  001224  //       : mode = Y_MAX (mode 1) : Vcurrent orientations maximum Y value
001021  001225  //       : var := gfx_Get(Y_MAX);
001022  001226  //       : Returns the maximum vertical value of the display
001023  001227  //       :
001024  001228  //       : mode = LEFT_POS (mode 2) : Left location of last Object
001025  001229  //       : var := gfx_Get(LEFT_POS);
001026  001230  //       : Returns the left location of the last drawn object
001027  001231  //       : such as a slider or button or an image/video
001028  001232  //       :
001029  001233  //       : mode = TOP_POS (mode 3) : Top location of Object
001030  001234  //       : var := gfx_Get(TOP_POS);
001031  001235  //       : Returns the top location of the last drawn object
001032  001236  //       : such as a slider or button or an image/video
001033  001237  //       :
001034  001238  //       : mode = RIGHT_POS (mode 4) : Right location of last Object
001035  001239  //       : var := gfx_Get(RIGHT_POS);
001036  001240  //       : Returns the right location of the last drawn object
001037  001241  //       : such as a slider or button or an image/video
001038  001242  //       :
001039  001243  //       : mode = BOTTOM_POS  (mode 5) : Bottom location of Object
001040  001244  //       : var := gfx_Get(BOTTOM_POS );
001041  001245  //       : Returns the bottom location of the last drawn object
001042  001246  //       : such as a slider or button or an image/video
001043  001247  //       :
001044  001248        
001045  001249        
001046  001250  //==================================================//
001047  001251  // Single parameter short-cuts                      //
001048  001252  // for the gfx_Set functions                        //
001049  001253  // These functions return the existing value before //
001050  001254  // the change is made.                              //
001051  001255  //==================================================//
001052  001256  func gfx_PenSize("mode"), 1;                        // 0  graphics pen size, SOLD or OUTLINE
001053  001257  func gfx_BGcolour("colour"), 1;                     // 1  graphics background colour
001054  001258  func gfx_ObjectColour("colour"), 1;                 // 2  graphics object colour
001055  001259  func gfx_Clipping("mode"), 0;                       // 3  graphics clipping ON/OFF
001056  001260  func gfx_TransparentColour("colour"), 1;            // 4  graphics image transparent mask colour
001057  001261  func gfx_Transparency("mode"), 1;                   // 5  graphics image transparent mode ON/OFF
001058  001262  func gfx_FrameDelay("milliseconds"), 1;             // 6  graphics animation frame delay
001059  001263  func gfx_ScreenMode("mode"), 1;                     // 7  graphics orientation LANDSCAPE, LANDSCAPE_R, PORTRAIT, PORTRAIT_R
001060  001264  func gfx_OutlineColour("colour"), 1;                // 8  graphics rectangle/circle outline colour
001061  001265  func gfx_Contrast("value"), 1;                      // 9  graphics hardware value 0 to 9, 0=off, 1=lowest, 8=highest (only for AMOLED devices)
001062  001266  func gfx_LinePattern("value"), 1;                   // 10 graphics line draw tesselation pattern (16 linear bits, 1=pixel off)
001063  001267  func gfx_ColourMode("mode"), 1;                     // 11 graphics colour mode COLOUR8 or COLOUR16 (default colour 16)
001064  001268  func gfx_BevelWidth("mode"), 1;                     // 12 graphics button bevel width
001065  001269  func gfx_BevelShadow("value"), 1;                   // 13 graphics button bevel shadow depth
001066  001270  func gfx_Xorigin("offset"), 1;                      // 14 graphics  X origin
001067  001271  func gfx_Yorigin("offset"), 1;                      // 15 graphics  Y origin
001068  001272        
001069  001273        
001070  001274  //==================================================//
001071  001275  // uSD/FLASH Function Prototypes                    //
001072  001276  //==================================================//
001073  001277  func media_Video("x", "y"), 0;                      // display movie at position x y
001074  001278  // Syntax: media_Video(x, y);
001075  001279  // Usage : media_Video(arg1, arg2);
001076  001280  // Notes : Play a Video/Animation clip from the uSD card at screen location
001077  001281  //       : specified by x,y (top left corner). The location of the clip in the
001078  001282  //       : uSD card must be specified by media_setSector(Video_Sector_Add) function.
001079  001283        
001080  001284  func media_VideoFrame("x", "y","framenumber"), 0;   // display required frame from a movie at x y
001081  001285  // Syntax: media_VideoFrame(Frame_number);
001082  001286  // Usage : arg1 := media_VideoFrame();
001083  001287  // Notes : After a pointer to a valid video has been set with media_SetSector,
001084  001288  //       : calling this function shows each fram sequentially, returning
001085  001289  //       : the number of frames remaining. The position of the image is
001086  001290  //     : at the current origin as set with gfx_MoveTo(...);
001087  001291        
001088  001292  func media_SetAdd("HiWord", "LoWord"), 0;           // set stream byte address
001089  001293  // Syntax: media_SetAdd(AddHiWord, AddLoWord);
001090  001294  // Usage : media_SetAdd(arg1, arg2);
001091  001295  // Notes : Set uSD internal Address pointer for bytewise access
001092  001296        
001093  001297  func media_SetSector("HiWord", "LoWord"), 0;        // set stream sector address
001094  001298  // Syntax: media_SetSector(SectHiWord, SectLoWord);
001095  001299  // Usage : media_SetSector(arg1, arg2);
001096  001300  // Notes : Set uSD internal Sector pointer for sector block access
001097  001301        
001098  001302  func media_RdSector("*destination"), 1;
001099  001303  // Syntax: media_RdSector(*destination);
001100  001304  // Usage : media_RdSector(rdblock);
001101  001305  // Notes : Reads and Returns 512 bytes (256 words) into a destination
001102  001306  //       : block (eg rdblock[256]) pointed to by the internal Sector pointer.
001103  001307  //       : After the read the Sector pointer is automatically incremented by 1.
001104  001308  //       : Returns TRUE if uSD response was TRUE
001105  001309        
001106  001310  func media_WrSector("*source"), 1;
001107  001311  // Syntax: media_WrSector(*source);
001108  001312  // Usage : media_WrSector(wrblock);
001109  001313  // Notes : Writes 512 bytes (256 words) from a source memory block
001110  001314  //       : (eg wrblock[256]) into the uSD card. After the write the Sector
001111  001315  //       : pointer is automatically incremented by 1.
001112  001316  //       : Returns TRUE if uSD response was TRUE
001113  001317        
001114  001318  func media_ReadByte(), 1;                // read a byte at the current stream position
001115  001319  // Syntax: media_RdByte();
001116  001320  // Usage : var := media_RdByte();
001117  001321  // Notes : Reads and Returns a single byte of data from the
001118  001322  //       : uSD card pointed to by the internal Address pointer.
001119  001323  //       : After the read the Address pointer is automatically
001120  001324  //       : incremented by 1.
001121  001325        
001122  001326  func media_ReadWord(), 1;                // read a word at the current stream position
001123  001327  // Syntax: media_ReadWord();
001124  001328  // Usage : var := media_ReadWord();
001125  001329  // *Notes : Reads and Returns a single word of data from the
001126  001330  //       : uSD card pointed to by the internal Address pointer.
001127  001331  //       : After the read the Address pointer is automatically
001128  001332  //       : incremented by 2.
001129  001333        
001130  001334  func media_WriteByte("byte"), 1;              // write a byte to the current stream position
001131  001335  // Syntax: media_WriteByte(arg1);
001132  001336  // Usage : var := media_WriteByte(arg1);
001133  001337  // *Notes : Writes and Returns xxxxx
001134  001338  //       : After the write the Address pointer is automatically
001135  001339  //       : incremented by 1.
001136  001340        
001137  001341  func media_WriteWord("word"), 1;            // write a word to the current stream position
001138  001342  // Syntax: media_WriteWord(arg1);
001139  001343  // Usage : var := media_WriteWord(arg1);
001140  001344  // *Notes : Writes and Returns xxxxx
001141  001345  //       : After the write the Address pointer is automatically
001142  001346  //       : incremented by 2.
001143  001347        
001144  001348  func media_Image("x", "y"), 0;            // display image at position x y
001145  001349  // Syntax: media_Image(x, y);
001146  001350  // Usage : media_Image(arg1, arg2);
001147  001351  // Notes : Display an image from the uSD card at screen location
001148  001352  //       : specified by x,y (top left corner). The location of the
001149  001353  //       : Image in the uSD card must be specified by
001150  001354  //       : media_setSector(Image_Sector_Add) function.
001151  001355        
001152  001356  func media_Flush(), 1;                    // after writing to media, flush the sector and write
001153  001357  // Syntax: media_Flush();
001154  001358  // Usage : var := media_Flush();
001155  001359  // *Notes : After writing any data to a sector, media_Flush() should be called to ensure that the current sector that
001156  001360  //       : is being written is correctly stored back to the media else write operations may be unpredictable.
001157  001361        
001158  001362  func media_Init(), 1;                    // initialize uSD card
001159  001363  // Usage : media_Init();
001160  001364  // Notes : Initialise uSD CARD
001161  001365  //       : Response: 0 = No Card
001162  001366  //       :           1 = Card Initialised
001163  001367        
001164  001368        
001165  001369  //==============================================//
001166  001370  // Communications Function Prototypes           //
001167  001371  //==============================================//
001168  001372  func com_Init("buf","bufsize","qualifier"), 0;  // set up a interrupt driven ring buffer for comms
001169  001373  // Syntax: com_Init(buffer, bufsize, qualifier);
001170  001374  // Usage1: com_Init(mybuf, 20, 0);
001171  001375  // Usage2: com_Init(mybuf, 20, ':');
001172  001376  // Notes : initialize a serial capture buffer for the comms input
001173  001377  //       : The program must declare a var array as a circular buffer.
001174  001378  //       : Usage1 declares a circular buffer which will continually
001175  001379  //       : buffer characters.
001176  001380  //       : Usage2 must receive ':' before any characters will
001177  001381  //       : accumulate in the buffer.
001178  001382        
001179  001383  func com_Reset(), 0;                 // reset the comms receiver
001180  001384  // Syntax: com_Reset();
001181  001385  // Usage : com_Reset();
001182  001386  // Notes : reset comms to default polled mode
001183  001387        
001184  001388  func com_Count(), 1;                // return count of characters in receive buffer
001185  001389  // Syntax: com_Count();
001186  001390  // Usage : arg := com_Count();
001187  001391  // Notes : return count of buffered characters in buffer attachment
001188  001392        
001189  001393  func com_Full(), 1;                // return TRUE if receiver buffer filled to capcity
001190  001394  // Syntax: com_Full();
001191  001395  // Usage : if (com_Full() ,,,, go read buffer;
001192  001396  // Notes : return true if buffer full (not necessarily an error if
001193  001397  //       : buffer is sized to a packet size)
001194  001398        
001195  001399  func com_Error(), 1;                // return comms errors comms error occurred
001196  001400  // Syntax: com_Error();
001197  001401  // Usage : if (com_Error() ) ...... take recovery action;
001198  001402  // Notes : return non zero if any errors low level comms errors occured
001199  001403  // returns :
001200  001404  // bit0 = Receiver Overflow Error
001201  001405  // bit1 = Receiver Framing Error
001202  001406  // bit2 = Transmit Buffer Overflow
001203  001407        
001204  001408  func com_Sync(), 1;                // returns TRUE if qualifier has been received
001205  001409  // Syntax: com_Sync();
001206  001410  // Usage : com_Sync();
001207  001411  // return true if sync character has been received in com_Init("...") mode
001208  001412        
001209  001413        
001210  001414  func com_TXbuffer("buf", "bufsize", "pin"), 0;    // sets the buffer location for buffered transmission
001211  001415  // Syntax: com_TXbuffer("buf", "bufsize", "pin");
001212  001416  // Usage : com_TXbuffer(mybuf, 1024, IO1_PIN);    // set the TX buffer, usin IO1_PIN for turnaround
001213  001417  // Usage : com_TXbuffer(0, 0, 0);              // revert to non buffered service
001214  001418  // Notes : initialize a serial buffer for the COM0 output.
001215  001419  //       : The program must declare a var array as a circular buffer.
001216  001420  //       : When a TX buffer is declared for comms, the transmission
001217  001421  //       : of characters becomes non blocking. The only time
001218  001422  //       : blocking will occur is if the buffer has insufficient space
001219  001423  //       : to accept the next character, in which case the function
001220  001424  //       : will wait for buffer space to become available. If the
001221  001425  //       : TX buffer is no longer required, just set the buffer pointer
001222  001426  //       : to zero, the size in this case doesnt matter and is ignored.
001223  001427  //       : The function can resize or reallocated to another buffer at
001224  001428  //       : any time. The buffer is flushed before any changes are made.
001225  001429  //       : "pin" designates an IO pin to control a bi-directional 
001226  001430  //       : control device for half duplex mode. "pin" will go HI at the
001227  001431  //       : start of a transmission, and will return low after the final
001228  001432  //       : byte is transmitted. If not required, just set "pin" to zero.
001229  001433        
001230  001434        
001231  001435  func com_TXcount(), 1;                // return count of characters in COM0 TX buffer
001232  001436  // Syntax: com_TXcount();
001233  001437  // Usage : arg := com_Count();
001234  001438  // Notes : return count of characters remaining in COM0 transmit buffer
001235  001439  //       : that was previously allocated with com_TXbuffer(...);
001236  001440        
001237  001441        
001238  001442  func com_TXemptyEvent("function"), 1;  // sets a function to be called when COM0 TX buffer empty
001239  001443  // Syntax: com_TXemptyEvent(function);
001240  001444  // Usage : arg := com_TXemptyEvent();
001241  001445  // Notes : If a comms TX buffer that was previously allocated with
001242  001446  //       : com_TXbuffer(...);, this function can be used to set up
001243  001447  //       : a function to be called when the COM0 TX buffer is empty.
001244  001448  //       : This is useful for either reloading the TX buffer, setting
001245  001449  //       : or clearing a pin to change the direction of eg a RS485
001246  001450  //       : line driver, or any other form of traffic control.
001247  001451  //       : The event function must not have any parameters.
001248  001452  //       : To disable the event, simply call com_TXemptyEvent(0).
001249  001453  //       : com_TXbuffer(...); also resets any active event.
001250  001454  //       : com_TXemptyEvent returns any previous event function
001251  001455  //       : address, or zero if there was no previous function.
001252  001456        
001253  001457        
001254  001458  func com_TXbufferHold("state"), 1; // hold or release a com_TXbuffer
001255  001459  // Usage : arg := com_TXbufferHold(ON);  // hold the buffer while we fill it
001256  001460  // Usage : arg := com_TXbufferHold(OFF);  // start sending the buffer
001257  001461  // Notes : Expecting that a comms TX buffer that was previously allocated with
001258  001462  //       : com_TXbuffer(...);, com_TXbufferHold(ON) can be used to stop
001259  001463  //       : the buffer being sent wile it is being loaded. Mormally, when
001260  001464  //       : using buffered comms, the transmit process will begin
001261  001465  //       : immediately. This is often undesirable for 2 reasons,
001262  001466  //       : 1] you may wish to build a packet then send it later
001263  001467  //       : 2] when using com_TXemptyEvent erroneous empty events will occur
001264  001468  //       : as the FIFO buffer is constantly trying to empty while
001265  001469  //       : you are busy tring to fill it.
001266  001470  // return -1 if function is called illegally when TX comms is not buffered.
001267  001471  // return buffer count when called with argument of 1, eg com_TXbufferHold(ON)
001268  001472  // return 0 when argument is zero, eg com_TXbufferHold(OFF)
001269  001473        
001270  001474        
001271  001475  //=============================================================//
001272  001476  // Auxilliary Communications Function Prototypes
001273  001477  //=============================================================//
001274  001478  func com1_Init("buffer", "bufsize", "qualifier"), 0;
001275  001479  // Syntax: com_Init(buffer, bufsize, qualifier);
001276  001480  // Usage1: com_Init(mybuf, 20, 0);
001277  001481  // Usage2: com_Init(mybuf, 20, ':');
001278  001482  // Notes : initialize a serial capture buffer for the comms input
001279  001483  //       : The program must declare a var array as a circular buffer.
001280  001484  //       : Usage1 declares a circular buffer which will continually
001281  001485  //       : buffer characters.
001282  001486  //       : Usage2 must receive ':' before any characters will
001283  001487  //       : accumulate in the buffer.
001284  001488        
001285  001489  func com1_Reset(), 0;
001286  001490  // Syntax: com_Reset();
001287  001491  // Usage : com_Reset();
001288  001492  // Notes : reset comms receiver to default polled mode
001289  001493        
001290  001494  func com1_Count(), 1;
001291  001495  // Syntax: com_Count();
001292  001496  // Usage : arg := com_Count();
001293  001497  // Notes : return count of characters in receive buffer
001294  001498        
001295  001499  func com1_Full(), 1;
001296  001500  // Syntax: com_Full();
001297  001501  // Usage : if (com_Full() ,,,, go read buffer;
001298  001502  // Notes : return true if receive buffer full
001299  001503        
001300  001504  func com1_Error(), 1;
001301  001505  // Syntax: com_Error();
001302  001506  // Usage : if (com_Error() ) ...... take recovery action;
001303  001507  // Notes : return non zero if any level comms errors occured
001304  001508  // returns :
001305  001509  // bit0 = Receiver Overflow Error
001306  001510  // bit1 = Receiver Framing Error
001307  001511  // bit2 = Transmit Buffer Overflow
001308  001512        
001309  001513  func com1_Sync(), 1;
001310  001514  // Syntax: com_Sync();
001311  001515  // Usage : com_Sync();
001312  001516  // Notes : return true if sync character has been received in com_Init("...") mode
001313  001517        
001314  001518        
001315  001519  func com1_TXbuffer("buf", "bufsize", "pin"), 0;    // sets the buffer location for buffered transmission
001316  001520  // Syntax: com1_TXbuffer("buf", "bufsize", "pin");
001317  001521  // Usage : com1_TXbuffer(mybuf, 1024, IO1_PIN);    // set the TX buffer, usin IO1_PIN for turnaround
001318  001522  // Usage : com1_TXbuffer(0, 0, 0);              // revert to non buffered service
001319  001523  // Notes : initialize a serial buffer for the COM1 output.
001320  001524  //       : The program must declare a var array as a circular buffer.
001321  001525  //       : When a TX buffer is declared for comms, the transmission
001322  001526  //       : of characters becomes non blocking. The only time
001323  001527  //       : blocking will occur is if the buffer has insufficient space
001324  001528  //       : to accept the next character, in which case the function
001325  001529  //       : will wait for buffer space to become available. If the
001326  001530  //       : TX buffer is no longer required, just set the buffer pointer
001327  001531  //       : to zero, the size in this case doesnt matter and is ignored.
001328  001532  //       : The function can resize or reallocated to another buffer at
001329  001533  //       : any time. The buffer is flushed before any changes are made.
001330  001534  //       : "pin" designates an IO pin to control a bi-directional 
001331  001535  //       : control device for half duplex mode. "pin" will go HI at the
001332  001536  //       : start of a transmission, and will return low after the final
001333  001537  //       : byte is transmitted. If not required, just set "pin" to zero.
001334  001538        
001335  001539        
001336  001540  func com1_TXcount(), 1;                // return count of characters in COM1 TX buffer
001337  001541  // Syntax: com1_TXcount();
001338  001542  // Usage : arg := com1_Count();
001339  001543  // Notes : return count of characters remaining in COM1 transmit buffer
001340  001544  //       : that was previously allocated with com1_TXbuffer(...);
001341  001545        
001342  001546        
001343  001547  func com1_TXemptyEvent("function"), 1;  // sets a function to be called when COM1 TX buffer empty
001344  001548  // Syntax: com1_TXemptyEvent(function);
001345  001549  // Usage : arg := com1_TXemptyEvent();
001346  001550  // Notes : If a comms TX buffer that was previously allocated with
001347  001551  //       : com1_TXbuffer(...);, this function can be used to set up
001348  001552  //       : a function to be called when the COM1 TX buffer is empty.
001349  001553  //       : This is useful for either reloading the TX buffer, setting
001350  001554  //       : or clearing a pin to change the direction of eg a RS485
001351  001555  //       : line driver, or any other form of traffic control.
001352  001556  //       : The event function must not have any parameters.
001353  001557  //       : To disable the event, simply call com1_TXemptyEvent(0).
001354  001558  //       : com1_TXbuffer(...); also resets any active event.
001355  001559  //       : com1_TXemptyEvent returns any previous event function
001356  001560  //       : address, or zero if there was no previous function.
001357  001561        
001358  001562        
001359  001563  func com1_TXbufferHold("state"), 1; // hold or release a com1_TXbuffer
001360  001564  // Usage : arg := com1_TXbufferHold(ON);  // hold the buffer while we fill it
001361  001565  // Usage : arg := com1_TXbufferHold(OFF);  // start sending the buffer
001362  001566  // Notes : Expecting that a comms TX buffer that was previously allocated with
001363  001567  //       : com1_TXbuffer(...);, com1_TXbufferHold(ON) can be used to stop
001364  001568  //       : the buffer being sent wile it is being loaded. Mormally, when
001365  001569  //       : using buffered comms, the transmit process will begin
001366  001570  //       : immediately. This is often undesirable for 2 reasons,
001367  001571  //       : 1] you may wish to build a packet then send it later
001368  001572  //       : 2] when using com_TXemptyEvent erroneous empty events will occur
001369  001573  //       : as the FIFO buffer is constantly trying to empty while
001370  001574  //       : you are busy tring to fill it.
001371  001575  // return -1 if function is called illegally when TX comms is not buffered.
001372  001576  // return buffer count when called with argument of 1, eg com1_TXbufferHold(ON)
001373  001577  // return 0 when argument is zero, eg com1_TXbufferHold(OFF)
001374  001578        
001375  001579  func serin1(), 1;
001376  001580  // Syntax: serin1();
001377  001581  // Usage : char := serin1();
001378  001582  // Notes : return the next available character from COM1
001379  001583        
001380  001584  func serout1("char"), 0;
001381  001585  // Syntax: serout1("char");
001382  001586  // Usage : serout1(ch);
001383  001587  // Notes : send character to COM1
001384  001588        
001385  001589  func com_SetBaud("comport","baudrate/10"), 1;
001386  001590  // Syntax: com_SetBaud("comport","baudrate/10");
001387  001591  // Usage : com_SetBaud(COM1, 960);   // set COM1 to 9600 baud
001388  001592  // Notes : sets to any viable baud rate from 160 to 655350
001389  001593  // return true if baud rate was acceptable
001390  001594        
001391  001595        
001392  001596        
001393  001597  //==============================================//
001394  001598  // Display Access                               //
001395  001599  //==============================================//
001396  001600  func disp_Init(), 0;                            // initialize display with required tables
001397  001601        
001398  001602  func disp_SetReg("register", "data"), 0;
001399  001603  // Syntax: display_SetReg(register, data);
001400  001604  // Usage : display_SetReg(arg1, arg2);
001401  001605  // Notes : Sets uLCD specific display driver registers. Refer
001402  001606  //       : to appropriate display driver data sheet.
001403  001607        
001404  001608  func disp_setGRAM("x1","y1","x2","y2"), 0;    // set GRAM window
001405  001609  // Syntax: disp_setGRAM(x1, y1, x2, y2);
001406  001610  // Usage : disp_setGRAM(arg1, arg2, arg3, arg4);
001407  001611  // Notes : Prepares the GRAM area for user access.
001408  001612  //       : Data can now be written with disp_GRAM.
001409  001613  //       : GRAM will be set accordingly for the correct screen mode.
001410  001614  //       : the LO word of the 32 bit pixel count is returned. This is
001411  001615  //       : usually all that is needed unlse GRAM area exceeds 256^2
001412  001616  //       : A copy of the 32bit value can be found in
001413  001617  //       : GRAM_PIXEL_COUNT_LO and GRAM_PIXEL_COUNT_HI
001414  001618        
001415  001619  func disp_WrGRAM("colour"), 0;
001416  001620  // Syntax: display_WrGRAM(colour);
001417  001621  // Usage : display_WrGRAM(arg);
001418  001622  // Notes : Data can be written to the GRAM consecutively using
001419  001623  //       : this function once the GRAM access window has been setup.
001420  001624        
001421  001625  func disp_WriteControl("value"), 0;             // write a control byte to the display
001422  001626  func disp_WriteWord("value"), 0;                // write a word to the display
001423  001627        
001424  001628        
001425  001629  func disp_ReadWord(), 1;                        // read a word from the display
001426  001630  // Syntax: disp_ReadWord();
001427  001631  // Usage : x:=disp_ReadWord();
001428  001632  // Notes : Read a word from the controller
001429  001633  // Eg:   : disp_WriteControl(0);         // select Ilitek ID register
001430  001634  //       : print(disp_ReadWord());        // print ID
001431  001635  //       : (Many displays are write only)
001432  001636        
001433  001637                                                  //
001434  001638  //==============================================//
001435  001639  // unadorned SPI functions                      //
001436  001640  //==============================================//
001437  001641  func spi_Init("speed","ip_mode","op_mode"), 0;  // set the SPI port, not used if uSD active
001438  001642  func spi_Read(), 1;                             // read a raw byte from SPI (lowers CS)
001439  001643  func spi_Write("byte"), 0;                      // write a raw byte to SPI (lowers CS)
001440  001644  func spi_Disable(), 0;                          // disable SPI reading or writing (raise CS)
001441  001645                                                  //
001442  001646  //==============================================//
001443  001647  // flash device specific functions              //
001444  001648  //==============================================//
001445  001649  func flash_SIG(), 1;                            // read Jedecsignature from SPI Flash device
001446  001650  func flash_ID(), 1;                             // read ID code from FLASH device
001447  001651  func flash_BulkErase(), 0;                      // erase the entire FLASH device
001448  001652  func flash_BlockErase("block"), 1;              // erase the required 64k flash block
001449  001653                                                  //
001450  001654                                                  //
001451  001655  //==============================================//
001452  001656  // string and character size function           //
001453  001657  //==============================================//
001454  001658  func charwidth("char"), 1;                      // return width of a character in pixel units
001455  001659  func charheight("char"), 1;                     // return height of a character in pixel units
001456  001660  func strwidth("pointer"), 1;                    // return width of a string in pixel units
001457  001661  func strheight(), 1;                            // return height of a string in pixel units
001458  001662        
001459  001663        
001460  001664  //------------------------------------------------------------------//
001461  001665  //        I2C Function Prototypes
001462  001666  //------------------------------------------------------------------//
001463  001667  func I2C_Open("speed"), 0;
001464  001668  // Syntax: I2C_Open(speed),
001465  001669  // Usage : I2C_Open(I2C_MED);
001466  001670  // Notes : configures the I2C module
001467  001671  //       : speed can be I2C_SLOW, I2C_MED, I2C_FAST (100khz, 400khz, 1mhz)
001468  001672        
001469  001673  func I2C_Close(), 0;
001470  001674  // Syntax: I2C_Close();
001471  001675  // Usage : I2C_Close();
001472  001676  // Notes : disables the I2C1 module.
001473  001677        
001474  001678  func I2C_Start(), 1;
001475  001679  // Syntax: I2C_Start();
001476  001680  // Usage : I2C_Start();
001477  001681  // Notes : generates a Start condition.
001478  001682  //       : returns true if successful (usually ignored)
001479  001683        
001480  001684  func I2C_Stop(), 1;
001481  001685  // Syntax: I2C_Stop();
001482  001686  // Usage : I2C_Stop();
001483  001687  // Notes : generates a Stop condition.
001484  001688  //       : returns true if successful (usually ignored)
001485  001689        
001486  001690  func I2C_Restart(), 1;
001487  001691  // Syntax: I2C_Restart();
001488  001692  // Usage : I2C_Restart();
001489  001693  // Notes : generates a Restart condition.
001490  001694  //       : returns true if successful (usually ignored)
001491  001695        
001492  001696  func I2C_Read(), 1;
001493  001697  // Syntax: I2C_Read();
001494  001698  // Usage : ch := I2C_Read();
001495  001699  // Notes : reads a single byte from the I2C Bus.
001496  001700        
001497  001701  func I2C_Write("byte"), 1;
001498  001702  // Syntax: I2C_Write(byte);
001499  001703  // Usage : r := I2C_Write(ch);
001500  001704  // Notes : is used to write a byte to the I2C bus.
001501  001705  //       : Returns 0 if failed, 1 if no ack, 2 if ack
001502  001706        
001503  001707  func I2C_Ack(), 0;
001504  001708  // Syntax: I2C_Ack();
001505  001709  // Usage : I2C_Ack();
001506  001710  // Notes : generates the acknowledge condition.
001507  001711        
001508  001712  func I2C_Nack(), 0;
001509  001713  // Syntax: I2C_Nack();
001510  001714  // Usage : I2C_Nack();
001511  001715  // Notes : generates the negative acknowledge condition.
001512  001716        
001513  001717  func I2C_AckStatus(), 0;
001514  001718  // Syntax: I2C_AckStatus();
001515  001719  // Usage : r := I2C_AckStatus();
001516  001720  // Notes : returns the ACK status from the device.
001517  001721        
001518  001722  func I2C_AckPoll("control"), 1;
001519  001723  // Syntax: I2C_AckPoll();
001520  001724  // Usage : r := I2C_AckPoll(0xA0);
001521  001725  // Notes : waits for a device to return from ACK polling.
001522  001726        
001523  001727  func I2C_Idle(), 0;
001524  001728  // Syntax: I2C_Idle();
001525  001729  // Usage : I2C_Idle();
001526  001730  // Notes : waits until the I2C Bus is Inactive.
001527  001731        
001528  001732  func I2C_Gets("buffer", "size"), 1;
001529  001733  // Syntax: I2C_Gets("buffer", "size");
001530  001734  // Usage : r := I2C_Gets(mybuf, 16);
001531  001735  // Notes : only reads up to "size" characters into "buffer"
001532  001736  //       : Reads up to asciiz terminator including terminator
001533  001737        
001534  001738  func I2C_Getn("buffer", "size"), 1;
001535  001739  // Syntax: I2C_Gets("buffer", "size");
001536  001740  // Usage : r := I2C_Gets(mybuf, 16);
001537  001741  // Notes : reads "size" bytes into "buffer"
001538  001742  //       :
001539  001743        
001540  001744  func I2C_Puts("buffer"), 1;
001541  001745  // Syntax: I2C_Puts("buffer");
001542  001746  // Usage : r := I2C_Puts(mybuf);
001543  001747  // Notes : writes an asciiz string to the I2C device
001544  001748  //       : returns count of characters written
001545  001749        
001546  001750  func I2C_Putn("buffer", "count"), 1;
001547  001751  // Syntax: I2C_Putn("buffer","count");
001548  001752  // Usage : r := I2C_Puts(mybuf,10);
001549  001753  // Notes : writes up to "size" bytes to the I2C device
001550  001754  //       : returns number of bytes written
001551  001755        
001552  001756        
001553  001757  //------------------------------------------------------------------//
001554  001758  //        Image Control Function Prototypes
001555  001759  //------------------------------------------------------------------//
001556  001760  func img_SetPosition("handle", "index", "xpos", "ypos"), 1;
001557  001761  // Syntax: img_SetPosition(handle, index, xpos, ypos);
001558  001762  // Usage : r := img_SetPosition(hImageList, imagenum, x, y);
001559  001763  // Notes : set the position where the image will be displayed
001560  001764  //       : returns true if index was ok and function was successful.
001561  001765  //       : you may turn off an image so when img_Refresh is called,
001562  001766  //       : the image will not be shown
001563  001767        
001564  001768  func img_Enable("handle", "index"), 1;
001565  001769  // Syntax: img_Enable(handle, index);
001566  001770  // Usage : r := img_Enable(hImageList, imagenum);
001567  001771  // Notes : enable image in a image list
001568  001772  //       : returns true if index was ok and function was successful.
001569  001773  //       : this is the default state so when img_Refresh is called,
001570  001774  //       : all the images in the list will be shown
001571  001775  //       : if index is set to -1, all of the images are enabled
001572  001776        
001573  001777  func img_Disable("handle", "index"), 1;
001574  001778  // Syntax: img_Disable(handle, index);
001575  001779  // Usage : r := img_Disable(hImageList, imagenum);
001576  001780  // Notes : disable image in a image list
001577  001781  //       : returns true if index was ok and function was successful.
001578  001782  //       : you must turn off an image so when img_Refresh is called,
001579  001783  //       : the image will not be shown.
001580  001784  //       : if index is set to -1, all of the images are disabled
001581  001785        
001582  001786        
001583  001787  func img_Darken("handle", "index"), 1;
001584  001788  // Syntax: img_Darken(handle, index);
001585  001789  // Usage : r := img_Darken(hImageList, imagenum);
001586  001790  // Notes : darken image in a image list
001587  001791  //       : returns true if index was ok and function was successful.
001588  001792  //       : if index is set to -1, all of the images are darkened
001589  001793  //       : NB:- this feature will only work for the next refresh, then
001590  001794  //       : the image reverts back to normal when displayed again.
001591  001795        
001592  001796        
001593  001797  func img_Lighten("handle", "index"), 1;
001594  001798  // Syntax: img_Lighten(handle, index);
001595  001799  // Usage : r := img_Lighten(hImageList, imagenum);
001596  001800  // Notes : lighten image in a image list
001597  001801  //       : returns true if index was ok and function was successful.
001598  001802  //       : if index is set to -1, all of the images are lightened
001599  001803  //       : NB:- this feature will only work for the next refresh, then
001600  001804  //       : the image reverts back to normal when displayed again.
001601  001805        
001602  001806  func img_SetWord("handle", "index", "offset", "word"), 1;
001603  001807  // Syntax: img_SetWord(handle, index, offset, word);
001604  001808  // Usage : img_SetWord(hndl, 5, IMAGE_XPOS, 10);
001605  001809  // Notes : set specified word (0-7) in a image entry
001606  001810  //       : returns TRUE if successful, return value usually ignored.
001607  001811        
001608  001812  func img_GetWord("handle", "index", "offset"), 1;
001609  001813  // Syntax: myvar := img_GetWord("handle", "index", "offset");
001610  001814  // Usage : myvar := img_GetWord(hndl, 5, IMAGE_YPOS);
001611  001815  // Notes : returns specified word (0-14) from an image entry
001612  001816  //       : refer to image control entry offsets.
001613  001817        
001614  001818  func img_Show("handle", "index"), 1;
001615  001819  // Syntax: img_Show(handle, index);
001616  001820  // Usage : display image entry (regardless of enable/disable)
001617  001821  //       : returns TRUE if successful, return value usually ignored.
001618  001822        
001619  001823  func img_SetAttributes("handle", "index","value"), 1;
001620  001824  // Syntax: img_SetAttributes("handle", "index","offset");
001621  001825  // Usage : img_SetAttributes(hndl, 5, I_TOPMOST);
001622  001826  // Notes : This function SETS one or more bits in the IMAGE_FLAGS field
001623  001827  //       : of an image control entry. "value" refers to various bits in
001624  001828  //       : the image control entry (see image attribute flags).
001625  001829  //       : A '1' bit in the "value" field SETS the respective bit
001626  001830  //       : in the IMAGE_FLAGS field of the image control entry.
001627  001831  //       : returns TRUE if successful, return value usually ignored.
001628  001832        
001629  001833  func img_ClearAttributes("handle", "index","value"), 1;
001630  001834  // Syntax: img_ClearAttributes("handle", "index","offset");
001631  001835  // Usage : img_ClearAttributes(hndl, 5, I_TOPMOST);
001632  001836  // Notes : This function CLEARS one or more bits in the IMAGE_FLAGS field
001633  001837  //       : of an image control entry. "value" refers to various bits in
001634  001838  //       : the image control entry (see image attribute flags)
001635  001839  //       : a '1' bit in the "value" field CLEARS the respective bit
001636  001840  //       : in the IMAGE_FLAGS field of the image control entry.
001637  001841  //       : returns TRUE if successful, return value usually ignored.
001638  001842        
001639  001843  func img_Touched("handle", "index"), 1;
001640  001844  // Syntax: r := img_Touched(handle, index);
001641  001845  // Usage : img_Touched(hndl, 17);
001642  001846  //       : returns -1 if image not touched, or returns index
001643  001847  // Notes : if index is passed as -1, function tests all images,
001644  001848  //       : and returns -1 if image not touched, or returns index.
001645  001849        
001646  001850        
001647  001851        
001648  001852        
001649  001853  //------------------------------------------------------------------//
001650  001854  //        Timer Function Prototypes
001651  001855  //------------------------------------------------------------------//
001652  001856  func sys_T(), 1;
001653  001857  // Syntax: sys_T();
001654  001858  // Usage : t := sys_T();
001655  001859  // Notes : return the current value of the rolling system timer (1msec) LO word
001656  001860        
001657  001861  func sys_T_HI(), 1;
001658  001862  // Syntax: sys_T_HI();
001659  001863  // Usage : t := sys_T_HI();
001660  001864  // Notes : return the current value of the rolling system timer (1msec) HI word
001661  001865        
001662  001866  func sys_SetTimer("timernum","value"), 0;
001663  001867  // Syntax: sys_SetTimer("timernum", "value");
001664  001868  // Usage : sys_SetTimer(TIMER5, 10000);
001665  001869  // Notes : set a countdown on the selected timer, or 'top up' if required.
001666  001870  //       : There ar 8 timers TIMER0 to TIMER7 which stop at the count of 0
001667  001871  //       : Maximum timeout period is 65.535 seconds
001668  001872  //       : A timer can be read with the sys_GetTimer("timernum") function
001669  001873        
001670  001874  func sys_GetTimer("timernum"), 1;
001671  001875  // Syntax: t := sys_GetTimer("timernum");
001672  001876  // Usage : t := sys_GetTimer(TIMER3);
001673  001877  // Notes : returns 0 if timer has expired, or the current countdown value.
001674  001878  //       : There ar 8 timers TIMER0 to TIMER7 which stop at the count of 0
001675  001879  //       : Maximum timeout period is 65.535 seconds
001676  001880  //       : A timer must be set with the sys_SetTimer("timernum","value") function
001677  001881        
001678  001882  func sys_SetTimerEvent("timernum","function"), 1;
001679  001883  // Syntax: sys_SetTimerFunction("timernum", "function");
001680  001884  // Usage : sys_SetTimer(TIMER5, myfunc);
001681  001885  // Notes : set a function to be called for selected timer.
001682  001886  //       : When the timer reaches zero, the function is called.
001683  001887  //       : The called function must not have any parameters
001684  001888  //       : sys_SetTimerEvent returns any previous event function
001685  001889  //       : address, or zero if there was no previous function.
001686  001890        
001687  001891  func sys_EventQueue(), 1;
001688  001892  // Syntax: sys_EventQueue();
001689  001893  // Usage : tasks := sys_EventQueue();
001690  001894  // Notes : returns the max number of events that were pending
001691  001895  //       : in the timer queue since the last call to this function.
001692  001896  //       : This can be used to assess timer event overhead burden,
001693  001897  //       : especially after or during a sys_EventsPostpone action.
001694  001898        
001695  001899  func sys_EventsPostpone(), 0;
001696  001900  // Syntax: sys_EventPostpone();
001697  001901  // Usage : sys_EventPostpone();   // postpone the event queue
001698  001902  // Notes : postpone any events until the sys_EventResume function is executed
001699  001903  //       : The timer event queue will continue to queue events, but no action
001700  001904  //       : will take place untill a sys_EventResume function is encountered.
001701  001905  //       : The queue will continue to receive up to 32 events before discarding
001702  001906  //       : any further events. This function is required to allow a sequence of
001703  001907  //       : instructions or functions to occur that would otherwise be corrupted
001704  001908  //       : by an event occuring during the sequence of instructions or functions.
001705  001909  //       : A good example of this is when you set a position to print, if there
001706  001910  //       : was no way of locking the current sequence, an event may occur which
001707  001911  //       : does a similar thing, and a contention would occur - printing to
001708  001912  //       : the wrong position. This function should be used wisely, if any action
001709  001913  //       : that is required would take considerable time, it is better to disable
001710  001914  //       : any conflicting event functions with a bypass flag, then restart the
001711  001915  //       : conflicting event by re-issuing a timer value.
001712  001916        
001713  001917  func sys_EventsResume(), 0;
001714  001918  // Syntax: sys_EventsResume();
001715  001919  // Usage : sys_EventsResume();   // resume the event queue
001716  001920  // Notes : resume any postponed events. The queue will try to execute any timer
001717  001921  //       : events that were incurred during the postponed period.
001718  001922        
001719  001923        
001720  001924  func sys_Sleep("units"), 1;
001721  001925  // Syntax: t := sys_Sleep("units");
001722  001926  // Usage : t := sys_Sleep(10);
001723  001927  // Notes : sets the display into low power mode for a period of time.
001724  001928  //       : Touching the touch screen will also wake from sleep.
001725  001929  //       : Returns remaining sleep units.
001726  001930        
001727  001931  func iterator("offset"), 0;
001728  001932  // Syntax: t :=  iterator("offset");
001729  001933  // Usage : t :=  iterator(10);
001730  001934  // Notes : set the iterator size for ++/--
001731  001935  //       : The next postinc,postdec,preinc of predec will alter
001732  001936  //       : by the specified value.
001733  001937  //       : The offset will return to 1 after the next operation.
001734  001938        
001735  001939        
001736  001940        
001737  001941        
001738  001942  //------------------------------------------------------------------//
001739  001943  //         Touch Screen Function Prototypes
001740  001944  //------------------------------------------------------------------//
001741  001945        
001742  001946  func touch_DetectRegion("x1" ,"y1", "x2", "y2"), 0;
001743  001947  // Syntax: touch_DetectRegion(x1, y1, x2, y2);
001744  001948  // Usage : touch_DetectRegion(arg1, arg2, arg3, arg4);
001745  001949  // Notes : Specifies a new touch detect region on the screen
001746  001950  //       : such that only touch activity in that region will
001747  001951  //       : be reported by the status poll touch_Get(TOUCH_STATUS);
001748  001952        
001749  001953  func touch_Set("mode"), 0;
001750  001954  // Syntax: touch_Set(mode);
001751  001955  // Usage : touch_Set(arg);
001752  001956  // Notes : Sets various Touch Screen related parameters
001753  001957  //       :
001754  001958  //       : mode = TOUCH_ENABLE (mode 0)  Enable Touch Screen
001755  001959  //       : touch_Set(TOUCH_ENABLE);
001756  001960  //       : Enables and initialises Touch Screen hardware
001757  001961  //       :
001758  001962  //       : mode = TOUCH_DISABLE (mode 1)  Disable Touch Screen
001759  001963  //       : touch_Set(TOUCH_DISABLE );
001760  001964  //       : Disables the Touch Screen
001761  001965  //       : Note: Touch Screen runs in the background and disabling
001762  001966  //       : it when not in use will free up extra resources
001763  001967  //       : such as 4DVM CPU cycles.
001764  001968  //       :
001765  001969  //       : mode = TOUCH_REGIONDEFAULT (mode 2)  Default Touch Region
001766  001970  //       : touch_Set(TOUCH_REGIONDEFAULT);
001767  001971  //       : This will reset the current active region to default
001768  001972  //       : to the full screen without the application having to
001769  001973  //       : set a new active region for the full screen.
001770  001974  //       : (NB for 'no touch' devices - like uVGAII or OLED's/LCD's
001771  001975  //       : that requre to be interfaced with an external pointing
001772  001976  //       : device, values that are poked into TOUCH_DRIVE will be
001773  001977  //       : read with the touch_Get() function)
001774  001978        
001775  001979        
001776  001980  func touch_Get("mode"), 1;
001777  001981  // Syntax: touch_Get(mode);
001778  001982  // Usage : arg1 := touch_Get(arg);
001779  001983  // Notes : Returns various Touch Screen parameters to caller
001780  001984  //       :
001781  001985  //       : mode = TOUCH_STATUS  (mode 0)
001782  001986  //       : var := touch_Get(TOUCH_STATUS);
001783  001987  //       : Returns the various states of the touch screen
001784  001988  //       : 0 = NOTOUCH
001785  001989  //       : 1 = TOUCH_PRESSED
001786  001990  //       : 2 = TOUCH_RELEASED
001787  001991  //       : 3 = TOUCH_MOVING
001788  001992  //       :
001789  001993  //       : mode = TOUCH_GETX   (mode 1)
001790  001994  //       : var := touch_Get(TOUCH_GETX);
001791  001995  //       : Returns the X coordinates of the touch
001792  001996  //       :
001793  001997  //       : mode = TOUCH_GETY   (mode 2)
001794  001998  //       : var := touch_Get(TOUCH_GETY);
001795  001999  //       : Returns the Y coordinates of the touch
001796  002000        
001797  002001  //------------------------------------------------------------------//
001798  002002  //        CTYPE Function Prototypes
001799  002003  //------------------------------------------------------------------//
001800  002004        
001801  002005  func isdigit("char"), 1;    //Returns a 1 if the character is an ascii digit else returns a 0
001802  002006  // Syntax: isdigit("char");
001803  002007  // Usage : Var := isdigit(ch);
001804  002008  // Notes : char specifies the ascii character for the test
001805  002009  //     : 0 : char is not an ascii digit.
001806  002010  //     : 1 : char is an ascii digit..
001807  002011  //     : Valid range is "0123456789"
001808  002012        
001809  002013  func isxdigit("char"), 1;    //Returns a 1 if the character is an ascii hexadecimal digit else returns a 0
001810  002014  // Syntax: isxdigit("char");
001811  002015  // Usage : Var := isxdigit(ch);
001812  002016  // Notes : char specifies the ascii character for the test
001813  002017  //     : 0 : char is not an ascii hexadecimal digit.
001814  002018  //     : 1 : char is an ascii hexadecimal digit..
001815  002019  //     : Valid range is "0123456789ABCDEF"
001816  002020        
001817  002021  func isupper("char"), 1;    //Returns a 1 if the character is an ascii upper case letter else returns a 0
001818  002022  // Syntax: isupper("char");
001819  002023  // Usage : Var := isupper(ch);
001820  002024  // Notes : char specifies the ascii character for the test
001821  002025  //     : 0 : char is not an ascii upper-case letter.
001822  002026  //     : 1 : char is an ascii upper-case letter.
001823  002027  //     : Valid range is "ABCD....WXYZ"
001824  002028        
001825  002029  func islower("char"), 1;    //Returns a 1 if the character is an ascii lower case letter else returns a 0
001826  002030  // Syntax: islower("char");
001827  002031  // Usage : Var := islower(ch);
001828  002032  // Notes : char specifies the ascii character for the test
001829  002033  //     : 0 : char is not an ascii lower-case letter.
001830  002034  //     : 1 : char is an ascii lower-case letter.
001831  002035  //     : Valid range is "abcd....wxyz"
001832  002036        
001833  002037  func isalpha("char"), 1;    //Returns a 1 if the character is an ascii lower or upper case letter else returns a 0
001834  002038  // Syntax: isalpha("char");
001835  002039  // Usage : Var := isalpha(ch);
001836  002040  // Notes : char specifies the ascii character for the test
001837  002041  //     : 0 : char is not an ascii lower or upper case letter.
001838  002042  //     : 1 : char is an ascii lower or upper case letter.
001839  002043  //     : Valid range is "ABCD...XYZ", "abcd....wxyz"
001840  002044        
001841  002045  func isalnum("char"), 1;    //Returns a 1 if the character is an ascii alpha numeric else returns a 0
001842  002046  // Syntax: isalnum("char");
001843  002047  // Usage : Var := isalnum(ch);
001844  002048  // Notes : char specifies the ascii character for the test
001845  002049  //     : 0 : char is not an ascii alphanumeric character.
001846  002050  //     : 1 : char is an ascii alphanumeric character.
001847  002051  //     : Valid range is "ABCD...XYZ", "abcd....wxyz", "0123456789"
001848  002052        
001849  002053  func isprint("char"), 1;    //Returns a 1 if the character is a printible ascii char else returns a 0
001850  002054  // Syntax: isprint("char");
001851  002055  // Usage : Var := isprint(ch);
001852  002056  // Notes : char specifies the ascii character for the test
001853  002057  //     : 0 : char is not a printable ascii character.
001854  002058  //     : 1 : char is a printable ascii character.
001855  002059  //     : Valid range is "0x20...0x7F"
001856  002060        
001857  002061  func isspace("char"), 1;    //Returns a 1 if the character is any one of the space type chars else returns a 0
001858  002062  // Syntax: isspace("char");
001859  002063  // Usage : Var := isspace(ch);
001860  002064  // Notes : char specifies the ascii character for the test
001861  002065  //     : 0 : char is not a space type character.
001862  002066  //     : 1 : char is a space type character.
001863  002067  //     : Valid range is space, formfeed, newline, carriage return, tab, vertical tab
001864  002068        
001865  002069  //unformatted
001866  002070  func iswhite("char"), 1;    //
001867  002071  // Syntax: iswhite("char");
001868  002072  // Usage : Var := iswhite(ch);
001869  002073  // Notes : char specifies the ascii character for the test
001870  002074  //     : 0 : char is not a space or tab character.
001871  002075  //     : 1 : char is not a space or tab character.
001872  002076  //     : Valid range is space or tab
001873  002077        
001874  002078  func toupper("char"), 1; //if character is lower case it returns the upper case equivalent else returns the passed char
001875  002079  // Syntax: toupper("char");
001876  002080  // Usage : Var := toupper(ch);
001877  002081  // Notes : char specifies the ascii character for the test
001878  002082  //     : "ABCD....XYZ" : if character is a lower case letter.
001879  002083  //     : char : if character is not a lower case letter.
001880  002084  //     : Valid range is "abcd....wxyz"
001881  002085        
001882  002086  func tolower("char"), 1; //if character is upper case it returns the lower case equivalent else returns the passed char
001883  002087  // Syntax: tolower("char");
001884  002088  // Usage : Var := tolower(ch);
001885  002089  // Notes : char specifies the ascii character for the test
001886  002090  //     : "abcd....xyz" : if character is an upper case letter.
001887  002091  //     : char : if character is not an upper case letter.
001888  002092  //     : Valid range is "ABCD....WXYZ"
001889  002093        
001890  002094  func LObyte("var"), 1;        //Returns the lower byte (lower 8 bits) of a 16 bit variable.
001891  002095  // Syntax: LObyte(var);
001892  002096  // Usage : myVar := LObyte(myvar2);
001893  002097  // Notes : var specifies the user variable
001894  002098  //     : Returns the lower byte (lower 8 bits) of a 16 bit variable
001895  002099        
001896  002100  func HIbyte("var"), 1;        //Returns the High byte (upper 8 bits) of a 16 bit variable.
001897  002101  // Syntax: HIbyte(var);
001898  002102  // Usage : myVar := HIbyte(myvar2);
001899  002103  // Notes : var specifies the user variable
001900  002104  //     : Returns the high byte (upper 8 bits) of a 16 bit variable
001901  002105        
001902  002106        
001903  002107  func ByteSwap("var"), 1;    //Returns the swapped upper and lower bytes of a 16 bit variable.
001904  002108  // Syntax: ByteSwap(var);
001905  002109  // Usage : myVar := ByteSwap(myvar2);
001906  002110  // Notes : var specifies the user variable
001907  002111  //     : Returns the endian swapped value of a 16 bit variable
001908  002112        
001909  002113        
001910  002114  //------------------------------------------------------------------//
001911  002115  //        Memory Allocation Function Prototypes
001912  002116  //------------------------------------------------------------------//
001913  002117        
001914  002118  func mem_Alloc("size"), 1;
001915  002119  // Syntax: mem_Alloc(bytesize);
001916  002120  // Usage : myvar := mem_Alloc(100);
001917  002121  // Notes : Allocate a block of memory to pointer myvar
001918  002122  //       : The allocated memory contains garbage but is a fast allocation.
001919  002123  //       : The block must later be released with mem_Free();
001920  002124  //       : returns 0 if function fails
001921  002125        
001922  002126  func mem_AllocV("size"), 1;
001923  002127  // Syntax: mem_AllocV(bytesize);
001924  002128  // Usage : myvar := mem_AllocV(100);
001925  002129  // Notes : Allocate a block of memory to pointer myvar
001926  002130  //       : The block of memory is filled with signature values
001927  002131  //       : the block starts with A5,5A then fills with incrementing
001928  002132  //       : number eg:- A5,5A,00,01,02,03...FF,00,11....
001929  002133  //       : This can be helpful when debugging
001930  002134  //       : The block must later be released with mem_Free();
001931  002135  //       : returns 0 if function fails
001932  002136        
001933  002137  func mem_AllocZ("size"), 1;
001934  002138  // Syntax: mem_AllocZ(bytesize);
001935  002139  // Usage : myvar := mem_AllocC(100);
001936  002140  // Notes : Allocate a zeroed block of memory to pointer myvar
001937  002141  //       : The block of memory is filled with zeroes
001938  002142  //       : The block must later be released with mem_Free();
001939  002143  //       : returns 0 if function fails
001940  002144        
001941  002145  func mem_Realloc("ptr", "size"), 1;
001942  002146  // Syntax: myvar := mem_Realloc("ptr", "size");
001943  002147  // Usage : myvar := mem_Realloc(ptr, size);
001944  002148  // Notes : The function may move the memory block to a new location,
001945  002149  //       : in which case the new location is returned.
001946  002150  //       : The content of the memory block is preserved up to the lesser
001947  002151  //       : of the new and old sizes, even if the block is moved.
001948  002152  //       : If the new size is larger, the value of the newly allocated
001949  002153  //       : portion is indeterminate. In case that ptr is NULL,
001950  002154  //       : the function behaves exactly as mem_Alloc, assigning a new block
001951  002155  //       : of size bytes and returning a pointer to the beginning of it.
001952  002156  //       : In case that the size is 0, the memory previously allocated in
001953  002157  //       : ptr is deallocated as if a call to mem_Free()was made, and a NULL
001954  002158  //       : pointer is returned.
001955  002159        
001956  002160  func mem_Free("allocation"), 1;
001957  002161  // Syntax: myvar := mem_Free(allocation);
001958  002162  // Usage : myvar := mem_Free(myvar);
001959  002163  // Notes : De-allocate a block of memory previously created with
001960  002164  //       : mem_Alloc(...), mem_AllocV(...); or mem_AllocZ(...);
001961  002165  //       : returns 0 if function fails
001962  002166        
001963  002167  func mem_Heap(), 1;
001964  002168  // Syntax: myvar := mem_Heap();
001965  002169  // Usage : myvar := mem_Heap();
001966  002170  // Notes : returns bytecount available in heap
001967  002171  //       :
001968  002172        
001969  002173  func mem_Set("ptr","char","size"), 1;
001970  002174  // Syntax: mem_Set(ptr,char,bytesize);
001971  002175  // Usage : mem_Set(p, 'A', 100);
001972  002176  // Notes : fill a block of memory with a byte value
001973  002177  //       : returns ptr
001974  002178        
001975  002179  func mem_Copy("src", "dest", "bytecount"), 1;
001976  002180  // Syntax: myvar := mem_Copy(src, dest, bytesize);
001977  002181  // Usage : myvar := mem_Copy(p1, p2, 100);
001978  002182  // Notes : copy a word aligned block of memory from src to dest
001979  002183  //       : Note that count is a byte count, this facilitates
001980  002184  //       : copying word aligned byte arrays when using word
001981  002185  //       : aliggned packed strings.
001982  002186  //       : returns src
001983  002187        
001984  002188  func mem_Compare("ptr1","ptr2","count"), 1;
001985  002189  // Syntax: myvar := mem_Compare(ptr1,ptr2,bytesize);
001986  002190  // Usage : myvar := mem_Compare(p1, p2, 100);
001987  002191  // Notes : compare blocks of memory at src, dest
001988  002192  //       : returns 0 if we have a match
001989  002193        
001990  002194  //------------------------------------------------------------------//
001991  002195  //        FAT16 Function Prototypes
001992  002196  //------------------------------------------------------------------//
001993  002197        
001994  002198  func file_Error(), 1;
001995  002199  // Syntax: myvar := file_Error();
001996  002200  // Usage : e := file_Error();
001997  002201  // Notes : return the most recent file error.
001998  002202  //       :
001999  002203        
002000  002204  func file_Count("filename"), 1;
002001  002205  // Syntax: count := file_Count("filename");
002002  002206  // Usage : count := file_Count("*.4dg");
002003  002207  // Notes : returns number of files found that match the criteria
002004  002208        
002005  002209  func file_Dir("filename"), 1;
002006  002210  // Syntax: count := file_Dir("filename");
002007  002211  // Usage : count := file_Dir("*.4dg");
002008  002212  // Notes : streams a string of filenames that agree with the search key
002009  002213  //       : returns number of files found that match the criteria
002010  002214        
002011  002215  func file_FindFirst("fname"), 1;
002012  002216  // Syntax: res := file_FindFirst("fname");
002013  002217  // Usage : if (file_FindFirst("*.4xe") ....
002014  002218  // Notes : returns true if at least 1 file exists
002015  002219  //       : that satisfies the file argument.
002016  002220  //       : Wildcards are usually used so if
002017  002221  //       : file_FindFirst returns true, further
002018  002222  //       : tests can be made using file_FindNext();
002019  002223  //       : to find all the files that match the
002020  002224  //       : wildcard class. Note that the stream behaviour
002021  002225  //       : is the same as file_Dir.
002022  002226  //       :
002023  002227        
002024  002228  func file_FindNext(), 1;
002025  002229  // Syntax: res := file_FindNext();
002026  002230  // Usage : while ((file_FindNext()) ....
002027  002231  // Notes : returns true if more file exists
002028  002232  //       : that satisfies the file argument
002029  002233  //       : that was given for  file_FindFirst.
002030  002234  //       : Wildcards must be used for
002031  002235  //       : file_FindFirst, else this function will
002032  002236  //       : always return zero as the only occurence
002033  002237  //       : will have already been found.
002034  002238  //       : Note that the stream behaviour
002035  002239  //       : is the same as file_Dir.
002036  002240  //       :
002037  002241        
002038  002242  func file_Exists("fname"), 1;
002039  002243  // Syntax: res := file_Exists("fname"),
002040  002244  // Usage : if(file_Exists("myfile") ....
002041  002245  // Notes : returns true if file exists
002042  002246  //       :
002043  002247        
002044  002248  func file_Open("fname", "mode"), 1;
002045  002249  // Syntax: handle := file_Open("fname","mode"),
002046  002250  // Usage : handle := file_Open("myfile.txt", 'r');
002047  002251  // Notes : returns handle if file exists
002048  002252  //       :
002049  002253        
002050  002254  func file_Close("handle"), 1;
002051  002255  // Syntax: res := file_Close("handle");
002052  002256  // Usage : res := file_Close(hnd1);
002053  002257  // Notes : returns true if file closed ok
002054  002258  //       :
002055  002259        
002056  002260  func file_Read("*dest", "size", "handle"), 1;
002057  002261  // Syntax: res := file_Read("*dest", "size", "handle"),
002058  002262  // Usage : res := file_Read(memblock,20,hnd1);
002059  002263  // Notes : returns number of characters read
002060  002264  //       : if "dest" is zero, data is read direct to GRAM window
002061  002265  //       :
002062  002266        
002063  002267        
002064  002268  func file_Seek("handle", "HiWord", "LoWord"), 1;
002065  002269  // Syntax: res := file_Seek("handle", "HiWord", "LoWord")
002066  002270  // Usage : res := file_Seek(hSource, 0, 0x1234);
002067  002271  // Notes : set file position to 0x00001234 (byte position 4660)
002068  002272  //       : for the file handle so subsequent data may be read
002069  002273  //       : from that position onwards with file_GetC(...),
002070  002274  //       : file_GetW(...) or file_GetS(...), or an image
002071  002275  //       : can be displayed with file_Image(...)
002072  002276  // Notes : returns true if ok, usually ignored
002073  002277        
002074  002278  func file_Index("handle", "HiSize", "LoSize","recordnum"), 1;
002075  002279  // Syntax: file_Index("handle", "HiSize", "LoSize","recordnum"), 1;
002076  002280  // Usage : res := file_Index(hsource, 0, 1000, 123), 1;
002077  002281  // Notes : set file seek position to 123000
002078  002282  //       : for the file handle so subsequent data may be read
002079  002283  //       : from that record position onwards with file_GetC(...),
002080  002284  //       : file_GetW(...) or file_GetS(...), or an image
002081  002285  //       : can be displayed with file_Image(...)
002082  002286  // Notes : returns true if ok, usually ignored
002083  002287        
002084  002288  func file_Tell("handle", "&HiWord", "&LoWord"), 1;
002085  002289  // Syntax: file_Tell("handle", &HiWord, &LoWord);
002086  002290  // Usage : file_Tell(fhndl, &SizeHi, &SizeLo);
002087  002291  // Notes : Reads the 32 bit file pointer and stores it into 2 variables.
002088  002292  //       : returns true if function succeeded
002089  002293        
002090  002294  func file_Write("*source", "size", "handle"), 1;
002091  002295  // Syntax: res := fwrite("*source", "size", "handle"),
002092  002296  // Usage : res := fwrite(memblock, 20, hnd1);
002093  002297  // Notes : returns number of bytes written
002094  002298  //       :
002095  002299        
002096  002300  func file_Size("handle", "&HiWord", "&LoWord"), 1;
002097  002301  // Syntax: file_Size("handle", &HiWord, &LoWord);
002098  002302  // Usage : file_Size(fhndl, &SizeHi, &SizeLo);
002099  002303  // Notes : Reads the 32 bit file size and stores it into 2 variables.
002100  002304  //       : returns true if function succeeded
002101  002305        
002102  002306  func file_Image("x", "y", "handle"), 1;
002103  002307  // Syntax: file_Image(x, y, handle);
002104  002308  // Usage : file_Image(10, 10, hnd1);
002105  002309  // Notes : Display an image from a file at the current file position.
002106  002310  //       : The image is displayed at x,y (with respect to top left corner).
002107  002311  //       : If there is more than 1 image in the file, it can be
002108  002312  //       : accessed with file_Seek(...)
002109  002313        
002110  002314  func file_ScreenCapture("x", "y", "width", "height", "handle"), 1;
002111  002315  // Syntax: file_ScreenCapture(x, y, w, h, handle);
002112  002316  // Usage : file_ScreenCapture(10, 10, 50,50, hnd1);
002113  002317  // Notes : Save a image from screen to file at the current file position.
002114  002318  //       : The image can later be displayed with file_Image(...);
002115  002319  //       : The file may be opened in append mode to accumulate multiple
002116  002320  //       : images. Later, the images can be accessed with file_Seek(...);
002117  002321  //       : Note that the image will be sector aligned.
002118  002322  //       : All image headers must start on a sector boundary.
002119  002323  //       : The image is saved from x, y (with respect to top left corner)
002120  002324  //       : and the capture area is determined by "width" and "height".
002121  002325  //       : returns 0 if function succeeded
002122  002326        
002123  002327  func file_PutC("char","handle"), 1;
002124  002328  // Syntax: file_PutC("char", "handle");
002125  002329  // Usage : file_PutC('x', hndl);
002126  002330  // Notes : returns true if function succeeded
002127  002331        
002128  002332  func file_GetC("handle"), 1;
002129  002333  // Syntax: file_GetC("handle");
002130  002334  // Usage : mychar := fgetC("handle");
002131  002335  // Notes : returns next char from file
002132  002336        
002133  002337  func file_PutW("word","handle"), 1;
002134  002338  // Syntax: file_PutW("word","handle");
002135  002339  // Usage : file_PutW(0x1234, hndl);
002136  002340  // Notes : returns true if function succeeded
002137  002341        
002138  002342  func file_GetW("handle"), 1;
002139  002343  // Syntax: file_GetW("handle");
002140  002344  // Usage : myword := fgetW("handle");
002141  002345  // Notes : returns next word in file
002142  002346        
002143  002347  func file_PutS("*source", "handle"), 1;
002144  002348  // Syntax: res := file_Puts("*source", "handle"),
002145  002349  // Usage : res := file_Puts(mystring, hnd1);
002146  002350  // Notes : returns number of characters written
002147  002351  //       :
002148  002352        
002149  002353  func file_GetS("*string", "size", "handle"), 1;
002150  002354  // Syntax: res := file_Gets("*string", "size", "handle");
002151  002355  // Usage : res := file_Gets(mystr , 81, hnd1); // read up to 80 chars
002152  002356  // Notes : get a string from a file
002153  002357  //       : returns pointer to string or null if failed.
002154  002358  //       : file_GetS(...) automatically appends a null-terminator to the data read.
002155  002359  //       : NB:- only reads up to "size-1" characters into "string"
002156  002360  //       : file_GetS(...) will stop reading when any of the following conditions are true:
002157  002361  //       : A] It has read n-1 bytes (one character is reserved for the null-terminator)
002158  002362  //       : B] It encounters a newline character (a line-feed in the compilers tested here), or
002159  002363  //       : C] It reaches the end of file
002160  002364  //       : D] A read error occurs.
002161  002365        
002162  002366        
002163  002367  func file_Erase("fname"), 1;
002164  002368  // Syntax: res := file_Erase("fname");
002165  002369  // Usage : res := file_Erase("myfile.txt");
002166  002370  // Notes : returns true if successful
002167  002371  //       :
002168  002372        
002169  002373  func file_Rewind("handle"), 1;
002170  002374  // Syntax: res := file_Rewind("handle");
002171  002375  // Usage : res := file_Rewind(hnd1);
002172  002376  // Notes : returns true if file rewound ok (usually ignored)
002173  002377  //       : resets the file pointer the the beginning of the open file.
002174  002378        
002175  002379  func file_LoadFunction("fname.4xe"), 1;
002176  002380  // Syntax: res := file_LoadFunction("fname.4fn");
002177  002381  // Usage : myfunc := file_LoadFunction(myfuncname);
002178  002382  // Notes : Load a function or program from disk and
002179  002383  //       : return a function pointer to the allocation.
002180  002384  //       : The function can then be invoked just like any other
002181  002385  //       : function would be called via a function pointer.
002182  002386  //       : Parameters may be passed to it in a conventional way.
002183  002387  //       : The function may be discarded at any time when no
002184  002388  //       : longer required, thus freeing its memory resources.
002185  002389  //       : The loaded function can be discarded with mem_Free(..)
002186  002390  //       : eg:
002187  002391  //       : popupWindow := file_LoadFunction("popupWindow1.4fn");
002188  002392  //       : if(!popupWindow) goto LoadFunctionFailed; // could not load the function !!!
002189  002393  //       : then elsewhere in your program:-
002190  002394  //       : res := popupWindow(MYMODE,"My Title","My Popup Text");
002191  002395  //       : if(res == QUIT_APPLICATION) goto exitApp;
002192  002396  //       : Later in your program, when popupWindow is no longer
002193  002397  //       : required for the application:-
002194  002398  //       : res := mem_Free(popupWindow);
002195  002399  //       : if(!res) goto FreeFunctionFailed; // should never happen if memory not corrupted
002196  002400  //       : The callers stack is shared by the loaded function,
002197  002401  //       : however any global variables in the loaded function
002198  002402  //       : are private to that function.
002199  002403  //
002200  002404        
002201  002405  func file_Run("fname.4xe", "arglistptr"), 1;
002202  002406  // Syntax: res := file_Run("fname.4xe","arglistptr");
002203  002407  // Usage : res := file_Run(fname, argptr);
002204  002408  // Notes : current program releases any allocated memory but
002205  002409  //       : retains the stack and global memory.
002206  002410  //       : If arglistptr is 0, no arguments are passed, else
002207  002411  //       : arglist points to an array, the first element being
002208  002412  //       : the number of elements in the array.
002209  002413  //       : func 'main' in the called program accepts
002210  002414  //       : the arguments, if any. THe arguments can only
002211  002415  //       : be passed by value, no pointers or references can be
002212  002416  //       : used as all memory is cleared before the file
002213  002417  //       : is loaded. Refer to file_Exec and file_LoadFunction
002214  002418  //       : for functions that can pass by reference.
002215  002419        
002216  002420  func file_Exec("fname.4xe", "arglistptr"), 1;
002217  002421  // Syntax: res := file_Exec("fname.4xe","arglistptr");
002218  002422  // Usage : res := file_Exec("fname.4xe","arglistptr");
002219  002423  // Notes : returns like a function, current program
002220  002424  //       : calling program is kept active and control returns to it.
002221  002425  //       : If arglistptr is 0, no arguments are passed, else
002222  002426  //       : arglist points to an array, the first element being
002223  002427  //       : the number of elements in the array.
002224  002428  //       : func 'main' in the called program accepts the arguments.
002225  002429  //       : This function is similar to file_LoadFunction(...), however,
002226  002430  //       : the function argument list is passed by pointer, and
002227  002431  //       : the memory consumed by the function is released as
002228  002432  //       : soon as the function completes.
002229  002433        
002230  002434  func file_LoadImageControl("fname1", "fname2", "mode"), 1;
002231  002435  // Syntax: hImagelist := file_LoadImageControl ("controlfile", "imagefile", "mode"),
002232  002436  // Usage : hImagelist := file_LoadImageControl ("resource.dat", "resource.gci", 0);
002233  002437  // Notes : Reads a control file to create an image list.
002234  002438  //       : Returns NULL if function fails.
002235  002439  //       : Returns a handle (pointer to the memory allocation) to the
002236  002440  //       : image control list that has been created.
002237  002441  //       : "fname1" is the control list filename "*.dat"
002238  002442  //       : "fname2" is the image filename "*.gci"
002239  002443        
002240  002444  // Notes : This function Calculates the size of a chunk of memory required for
002241  002445  //       : a image list and populates it from the image control file ("*.dat")
002242  002446  //       : therefore, when imagelist is no longer required, you must de-allocate
002243  002447  //       : the image list memory by using eg:- mem_Free(hImagelist);
002244  002448  //       : to restore the heap.
002245  002449  //       :
002246  002450  //       : mode 0:- it is assumed that there is a graphics file with the
002247  002451  //       : file extension "fname2.gci". In this case, the images have been stored
002248  002452  //       : in a FAT16 file concurrently, and the offsets that ar derived from the
002249  002453  //       : "fname1.dat" file are saved in the image control so that the image control
002250  002454  //       : can open the file (*.gci) and us file_Seek to get to the position of the
002251  002455  //       : image which can then automatically be displayed using file_Image(xpos, ypos, hSource);
002252  002456  //       : mode 0 builds the image control quickly as it only scans the *.dat file
002253  002457  //       : for the file offsets and save them in the relevant entries in the image control.
002254  002458  //       : The penalty is that images take longer to find when displayed due to file_Seek
002255  002459  //       : overheads.
002256  002460  //
002257  002461  //       : mode 1:- it is assumed that there is a graphics file with the
002258  002462  //       : file extension "fname2.gci". In this case, the images have been stored
002259  002463  //       : in a FAT16 file concurrently, and the offset of the images are saved
002260  002464  //       : in the image control so that image file (*.gci) can be mapped to directly.
002261  002465  //       : The absolute cluster/sector is mapped so file seek does not need to be called
002262  002466  //       : internally. This means that there is no seek time penalty, however, the
002263  002467  //       : image list takes a lot longer to build, as all the seeking is done at control
002264  002468  //       : build time.
002265  002469        
002266  002470  //       : mode 2:- the graphics file with the is placed in a partitioned area
002267  002471  //       : In this case, the images have been stored in a in a known raw area of the FAT16
002268  002472  //       : disk, and the absolute address of the images are saved in the DAT file
002269  002473  //       : This is the fastest operation of the image control as there is no seeking
002270  002474  //       : or other disk activity taking place.
002271  002475        
002272  002476  func file_Mount(), 1;
002273  002477  // Syntax: r := file_Mount();
002274  002478  // Usage : r := file_Mount();
002275  002479  // Notes : Create a control block for FAT16 and mount the File System
002276  002480        
002277  002481  func file_Unmount(), 0;
002278  002482  // Syntax: file_Unmount();
002279  002483  // Usage : file_Unmount();
002280  002484  // Notes : release any control block and buffers for FAT16
002281  002485  //       : and unmount the File System
002282  002486        
002283  002487  func file_PlayWAV("fname1"), 1;
002284  002488  // Syntax: file_PlayWAV("fname1");
002285  002489  // Usage : file_PlayWAV("ding.wav");
002286  002490  // Notes : Play a wave file with filename "fname1"
002287  002491  //       : This function automatically grabs a chunk
002288  002492  //       : of memory for a file buffer, and a wave
002289  002493  //       : buffer. The minimum memory requirement is
002290  002494  //       : about 580 bytes for the disk io service and
002291  002495  //       : a minimum wave buffer size of 1024. The siz
002292  002496  //       : of the wave buffer allocation
002293  002497  //       : can be increased by the snd_BufSize function.
002294  002498  //       : The default size 1024 bytes.
002295  002499  //       : NB the memory is only required during the
002296  002500  //       : duration of play, and is automatically
002297  002501  //       : released while not in use.
002298  002502  //       : See the Sound Class services for other associated controls.
002299  002503  //       : If there are no errors, returns number of blocks to play (1 to 32767)
002300  002504  //       : If errors occured, the folling is returned
002301  002505  //       : -6   : cant play this rate
002302  002506  //       : -5  : no data chunk found in first rsector
002303  002507  //       : -4  : no format data
002304  002508  //       : -3  : no wave chunk signature
002305  002509  //       : -2  : bad wave file format
002306  002510  //       : -1  : file not found
002307  002511        
002308  002512        
002309  002513        
002310  002514  //------------------------------------------------------------------//
002311  002515  //        Sound Class Services
002312  002516  //------------------------------------------------------------------//
002313  002517        
002314  002518  func snd_Volume("var"), 0;
002315  002519  // Syntax: snd_Volume("var");
002316  002520  // Usage : snd_Volume(30);
002317  002521  // Notes : set sound playback volume.  Var must
002318  002522  //       : be in the range from 8 (min volume)
002319  002523  //       : to 127 (max volume). If var is less
002320  002524  //       : than 8 volume is set to 8, and if
002321  002525  //       : var > 127 it is set to 127.
002322  002526        
002323  002527  func snd_Pitch("pitch"), 1;
002324  002528  // func snd_Pitch("freq"), 1;
002325  002529  // func snd_Pitch(7000), 1; // play the wave file with a sample frequency of 7khz
002326  002530  // Notes : sets the samples playback rate to a different frequency
002327  002531  //       : The minimum value is 4khz
002328  002532  //       : Setting the pitch to zero restores the original sample rate
002329  002533  //       : Return value is the samples original sample rate.
002330  002534        
002331  002535  func snd_BufSize("var"), 0;
002332  002536  // Syntax: snd_BufSize("var");
002333  002537  // Usage : snd_BufSize(2);
002334  002538  // Notes : specify the a memory chunk size for the wavefile buffer.
002335  002539  //       : default size 1024 bytes.
002336  002540  //       : 0 = 1024 bytes (default)
002337  002541  //       : 1 = 2048 bytes
002338  002542  //       : 2 = 4096 bytes
002339  002543  //       : 3 = 8192 bytes
002340  002544        
002341  002545  func snd_Stop(), 0;
002342  002546  // Syntax: snd_Stop();
002343  002547  // Usage : snd_Stop();
002344  002548  // Notes : stop any sound that is playing, releasing
002345  002549  //       : buffers and closes any open wav file.
002346  002550        
002347  002551  func snd_Pause(), 0;
002348  002552  // Syntax: snd_Pause();
002349  002553  // Usage : snd_Pause();
002350  002554  // Notes : pauses any sound that is playing, does nothing
002351  002555  //       : until sound is resumed with snd_Continue().
002352  002556  //       : The sample cam be terminated with snd_Stop.
002353  002557  //       : buffers and closes any open wav file.
002354  002558        
002355  002559  func snd_Continue(), 0;
002356  002560  // Syntax: snd_Continue();
002357  002561  // Usage : snd_Continue();
002358  002562  // Notes : resume any sound that is paused by snd_Pause.
002359  002563        
002360  002564  func snd_Playing(), 1;
002361  002565  // Syntax: snd_Playing();
002362  002566  // Usage : r := snd_Playing();
002363  002567  // Notes : returns 0 if sound has finished playing,
002364  002568  //       : else return number of 512 byte blocks to go.
002365  002569        
002366  002570        
002367  002571        
002368  002572  //------------------------------------------------------------------//
002369  002573  //        String Class Services
002370  002574  //------------------------------------------------------------------//
002371  002575        
002372  002576  func str_Ptr("&var"), 1;
002373  002577  // Syntax: str_Ptr(&var);
002374  002578  // Usage : p := str_Ptr(&var);
002375  002579  // Notes : return a byte pointer to a word region
002376  002580        
002377  002581  func str_GetD("&ptr", "&var"), 1;
002378  002582  // Syntax: str_GetD(&ptr, &var);
002379  002583  // Usage : ok := str_GetD(&ptr, &var);
002380  002584  // Notes : convert number in a string to DWORD ( myvar[2] )
002381  002585  //       : returns true if function succeeds, advancing ptr
002382  002586        
002383  002587  func str_GetW("&ptr", "&var"), 1;
002384  002588  // Syntax: str_GetW(&ptr, &var);
002385  002589  // Usage : ok := str_GetW(&ptr, &var);
002386  002590  // Notes : convert number in a string to WORD ( myvar )
002387  002591  //       : returns true if function succeeds, advancing ptr
002388  002592        
002389  002593  func str_GetHexW("&ptr", "&var"), 1;
002390  002594  // Syntax: str_GetHexW(&ptr, &var);
002391  002595  // Usage : ok := str_GetHexW(&ptr, &var);
002392  002596  // Notes : convert HEX number in a string to WORD ( myvar )
002393  002597  //       : returns true if function succeeds, advancing ptr
002394  002598        
002395  002599  func str_GetC("&ptr", "&var"), 1;
002396  002600  // Syntax: str_GetC(&ptr, &var);
002397  002601  // Usage : ok := str_GetC(&ptr, &var);
002398  002602  // Notes : get a valid ascii char in a string to WORD ( myvar )
002399  002603  //       : returns true if function succeeds, advancing ptr
002400  002604        
002401  002605  func str_GetByte("ptr"), 1;
002402  002606  // Syntax: str_GetByte(ptr);
002403  002607  // Usage : myvar := str_GetByte(ptr);
002404  002608  // Notes : get a byte to myvar
002405  002609  //       : returns value
002406  002610        
002407  002611  func str_GetWord("ptr"), 1;
002408  002612  // Syntax: GetWord(ptr);
002409  002613  // Usage : GetWord(ptr);
002410  002614  // Notes : get a word to myvar
002411  002615  //       : returns value
002412  002616        
002413  002617  func str_PutByte("ptr","val"), 0;
002414  002618  // Syntax: str_PutByte(ptr);
002415  002619  // Usage : myvar := str_PutByte(ptr);
002416  002620  // Notes : put a byte at ptr
002417  002621  //       : returns value
002418  002622        
002419  002623  func str_PutWord("ptr","val"), 0;
002420  002624  // Syntax: str_PutWord("ptr","val");
002421  002625  // Usage : str_PutWord(p,100);
002422  002626  // Notes : put word 100 at current pointer location
002423  002627  //       : returns value
002424  002628        
002425  002629  func str_Match("&ptr", "*str"), 1;
002426  002630  // Syntax: str_Match(&ptr, *str);
002427  002631  // Usage : r := str_Match(&p, "hello");
002428  002632  // Notes : Case sensitive match
002429  002633  //       : returns true if function succeded, andvancing pointer to position past
002430  002634  //       : the matched item. Note that any whitespace characters are skipped
002431  002635  //       : in the source string prior to the test.
002432  002636        
002433  002637  func str_MatchI("&ptr", "*str"), 1;
002434  002638  // Syntax: str_MatchI(&ptr, *str);
002435  002639  // Usage : r := str_MatchI(&p, "hello");
002436  002640  // Notes : Case insensitive match
002437  002641  //       : returns true if function succeded, andvancing pointer to position past
002438  002642  //       : the matched item. Note that any whitespace characters are skipped
002439  002643  //       : in the source string prior to the test.
002440  002644        
002441  002645  func str_Find("&ptr", "*str"), 1;
002442  002646  // Syntax: str_Find(&ptr, *str);
002443  002647  // Usage : n := str_Find(&p, "hello");
002444  002648  // Notes : given the address of a pointer to a source string as the
002445  002649  //       : first argument, and a pointer to a test string as the second
002446  002650  //       : argument, attempt to find the position of the matching string
002447  002651  //       : in the source string. The test is performed with case sensitivity.
002448  002652  //       : return 0 if not found, else returns the address of the first
002449  002653  //       : character of the match. NB:- The source pointer is not altered.
002450  002654        
002451  002655  func str_FindI("&ptr", "*str"), 1;
002452  002656  // Syntax: str_Find(&ptr, *str);
002453  002657  // Usage : n := str_Find(&p, "hello");
002454  002658  // Notes : given the address of a pointer to a source string as the
002455  002659  //       : first argument, and a pointer to a test string as the second
002456  002660  //       : argument, attempt to find the position of the matching string
002457  002661  //       : in the source string. The test is performed with no case
002458  002662  //       : sensitivity, eg upper and lower case chars are accepted.
002459  002663  //       : return 0 if not found, else returns the address of the first
002460  002664  //       : character of the match. NB:- The source pointer is not altered.
002461  002665        
002462  002666  func str_Length("ptr"), 1;
002463  002667  // Syntax: str_Length(ptr);
002464  002668  // Usage : len := str_Ptr(mystring);
002465  002669  // Notes : return the length of a byte aligned string excluding terminator
002466  002670        
002467  002671  func str_Printf("&ptr", "*format"), 1;
002468  002672  // Syntax: str_Printf("&ptr", "*format");
002469  002673  // Usage : r := str_Printf(&p, "hello");
002470  002674  // Notes : refer to documentation
002471  002675  //       :
002472  002676        
002473  002677  func str_Cat("dest","src"), 1;
002474  002678  // Syntax: str_Append("&dest","&src");
002475  002679  // Usage : str_Append(&buf,"Hello");
002476  002680  // Notes : Appends a copy of the source string to the destination string.
002477  002681  //       : The terminating null character in destination is overwritten by
002478  002682  //       : the first character of source, and a new null-character is appended
002479  002683  //       : at the end of the new string formed by the concatenation of both in destination.
002480  002684  //       : returns destination.
002481  002685        
002482  002686  func str_CatN("dest","src","count"), 1;
002483  002687  // Syntax: str_Append("&dest","&src","count");
002484  002688  // Usage : str_Append(&buf,"Monday",3);
002485  002689  // Notes : Appends a copy of the source string to the destination string.
002486  002690  //       : The number of characters copied is limited by "count".
002487  002691  //       : The terminating null character in destination is overwritten by
002488  002692  //       : the first character of source, and a new null-character is appended
002489  002693  //       : at the end of the new string formed by the concatenation of both in destination.
002490  002694  //       : returns destination.
002491  002695        
002492  002696        
002493  002697  func sys_StoreTouchCalibration(), 1;
002494  002698  // Syntax: sys_StoreTouchCalibration();
002495  002699  // Usage : r := sys_StoreTouchCalibration();
002496  002700  // Notes : Store the touch calibration values in non-volatile memory.
002497  002701  //       : Returns true if the values have been accepted and stored,
002498  002702  //       : else returns false if write could not be performed, or
002499  002703  //       : touch calibration values are improbable.
002500  002704  //       : The values that are stored are obtained from:-
002501  002705  //     : TOUCH_XMINCAL             78  // touch calibration value
002502  002706  //     : TOUCH_YMINCAL             79  // touch calibration value
002503  002707  //       : TOUCH_XMAXCAL             80  // touch calibration value
002504  002708  //       : TOUCH_YMAXCAL             81  // touch calibration value
002505  002709  //       : refer to the 4DGL example touchCalibrate.4DG for further information.
002506  002710  //       : This function is not supported on uVGA, Capicitive touch
002507  002711  //       : and 4.3" resistive touch modules.
002508  002712        
002509  002713        
002510  002714  func unicode_page("charbeg","charend","charoffset"), 1;
002511  002715  // Syntax: unicode_page("charbeg","charend","charoffset");
002512  002716  // Usage : eg:  F_Traditional_0x20_0xFF
002513  002717  // Notes : After selecting a unicode image control with txt_FontID,
002514  002718  //       : this function is called to set the required font within the
002515  002719  //       : unicode set. The file "Unicode.inc" contains wrappers for
002516  002720  //       : this function, and it is not normally called directly.
002517  002721  //       : Returns count of characters in the set.
002518  002722  //       : Refer to "Unicode.inc" for further information.
002519  002723        
002520  002724        
002521  002725  func EVE_SP(), 1;
002522  002726  // Syntax: EVE_SP();
002523  002727  // Usage : eg:  print(EVE_SP());
002524  002728  // Notes : Used for debugging to assess the current stack level,
002525  002729  //       : mainly for checking stack leaks
002526  002730        
002527  002731  func EVE_SSIZE(), 1;
002528  002732  // Syntax: EVE_SSIZE();
002529  002733  // Usage : eg:  print(EVE_SSIZE());
002530  002734  // Notes : Used to get the stack size,
002531  002735  //       : mainly for debugging purposes
002532  002736        
002533  002737        
002534  002738  // uVGAII extended functions
002535  002739  func disp_Sync("line"), 0;                      //  (uVGA only)  wait till scanline reaches "line"
002536  002740  // Syntax: disp_Sync(line);
002537  002741  // Usage : disp_Sync(480);
002538  002742  // Notes : Waits till the hardware gets to a certain line.
002539  002743  //       : Allows the program to synchronise writing to the hardware for flicker free operation.
002540  002744  //       : Some experimentation may be needed to find an optimum line for disp_Sync
002541  002745  //       : depending on the graphics operation. The higher the value, the slower
002542  002746  //       : the throughput. A cetain point will be reached (number of scanlines + blanking lines
002543  002747  //       : within the vertical retrace period) where it will just 'hang up' stopping the
002544  002748  //       : entire process. Eg, in 640x480 mode, if the 'lines' value is 507, operation will
002545  002749  //       : be slowest (as its actually right at the end of the blanking period) and 508
002546  002750  //       : will cause a hangup situation as it is above the highes scanline value.
002547  002751  //       : Currently, this function is only supported on displays with SSD1963 driver.
002548  002752        
002549  002753        
002550  002754  // New functions added to PmmC v2.8
002551  002755  //================================================================
002552  002756  func CY(), 1;
002553  002757  // Syntax: CY();
002554  002758  // Usage : myvar := 0xFFF8 + 9;                 // result = 1
002555  002759  //       : print(myvar," "CY(),"\n");           // carry = 1
002556  002760  // Notes : This function returns the carry status of an
002557  002761  // unsigned overflow from any 16 or 32bit additions or sutractions.
002558  002762  //================================================================
002559  002763        
002560  002764        
002561  002765  //================================================================
002562  002766  func str_ByteMove("src", "dest", "count"), 1;
002563  002767  // func str_ByteMove("src", "dest", "count"), 1;
002564  002768  // Syntax   : str_ByteMove(src, dest, bytecount);
002565  002769  // Input    : STR *source points to byte aligned source.
002566  002770  //          : STR *dest   points to byte aligned destination.
002567  002771  //          : VAR count   number of bytes to transfer.
002568  002772  // Usage    : nextpos := str_ByteMove(s, d, 100);
002569  002773  // Notes    : copy bytes from "src" to "dest", stopping only
002570  002774  //          : when "count" is exhausted.
002571  002775  //          : No terminator is appended, it is purely a
002572  002776  //          : byte copy, and any zeroes encountered will
002573  002777  //          : also be copied.
002574  002778  // Returns  : returns a pointer to the end of the destination
002575  002779  //          : (which is "dest" + "count")
002576  002780  //================================================================
002577  002781        
002578  002782        
002579  002783  //================================================================
002580  002784  func str_Copy("dest", "src"), 1;
002581  002785  // Syntax   : str_Copy(dest, src);
002582  002786  // Input    : STR *dest   points to byte aligned destination.
002583  002787  //          : STR *source points to byte aligned source.
002584  002788  // Usage    : nextplace := str_Copy(d, s);
002585  002789  // Notes    : copy a string from "src" to "dest", stopping only
002586  002790  //          : when the end of source string "src" is encountered
002587  002791  //          : (0x00 terminator).
002588  002792  //          : The terminator is always appended, even if "src" is
002589  002793  //          : an empty string.
002590  002794  // Returns  : returns a pointer to the 0x00 string terminator at
002591  002795  //          : end of "dest" (which is "dest" + str_Length(src); )
002592  002796  //================================================================
002593  002797        
002594  002798  //================================================================
002595  002799  func str_CopyN("dest", "src", "count"), 1;
002596  002800  // Syntax   : str_CopyN(dest, src, bytecount);
002597  002801  // Input    : STR *dest   points to byte aligned destination.
002598  002802  //          : STR *source points to byte aligned source.
002599  002803  //          : VAR count   max number of chars to copy.
002600  002804  // Usage    : nextplace := str_CopyN(d, s, 100);
002601  002805  // Notes    : copy a string from "src" to "dest", stopping only
002602  002806  //          : when "count" is exhausted, or end of source
002603  002807  //          : string "str" is encountered (0x00 string terminator).
002604  002808  //          : The terminator is always appended, even if
002605  002809  //          : "count" is zero, or "src" is a null string.
002606  002810  // Returns  : returns a pointer to the 0x00 string terminator
002607  002811  //          : (which is "dest" + whatever was copied)
002608  002812  //================================================================
002609  002813        
002610  002814  //================================================================
002611  002815  func umul_1616("&res32", "val1", "val2"), 1;
002612  002816  // Syntax   : umul_1616(&res32, varA, varB);
002613  002817  // Input    : DWORD *result   points to 32bit result register.
002614  002818  //          : VAR   val1  16bit register or constant
002615  002819  //          : VAR   val2  16bit register or constant
002616  002820  // Usage    : var res32[2];
002617  002821  //          : umul_1616(&res32, myvar, 50000);
002618  002822  // Notes    : performs an unsigned multiply of 2 x 16bit values
002619  002823  //          : placing the 32bit result in a 2 word array.
002620  002824  // Returns  : the pointer to the 32bit result.
002621  002825  //          : carry and overflow are not affected.
002622  002826  //================================================================
002623  002827        
002624  002828  //================================================================
002625  002829  func uadd_3232("&res32", "&val1", "&val2"), 1;
002626  002830  // Syntax   : cmp_3232(&res32, &varA, &varB);
002627  002831  // Input    : DWORD *res32 points to optional result (or zero for compare)
002628  002832  //          : DWORD *val1 points to 32bit augend
002629  002833  //          : DWORD *val2 points to 32bit addend
002630  002834  // Usage    : var res32[2];
002631  002835  //          : res := cmp_3232(res32, val1, val2);
002632  002836  // Notes    : performs an unsigned addition of 2 x 32bit values
002633  002837  //          : placing the 32bit result in a 2 word array.
002634  002838  // Returns  : returns 1 on 32bit unsigned overflow (carry).
002635  002839  //          ; carry flag is also set on 32bit unsigned overflow
002636  002840  //          ; and can be read with the CY() function.
002637  002841  //================================================================
002638  002842        
002639  002843  //================================================================
002640  002844  func usub_3232("&res32", "&val1", "&val2"), 1;
002641  002845  // Syntax   : cmp_3232(&res32, &varA, &varB);
002642  002846  // Input    : DWORD *res32 points to optional result (or zero for compare)
002643  002847  //          : DWORD *val1 points to first 32bit minuend
002644  002848  //          : DWORD *val2 points to 32bit subtrahend
002645  002849  // Usage    : var res32[2];
002646  002850  //          : res := cmp_3232(res32, val1, val2);
002647  002851  // Notes    : performs an unsigned subtraction of 2 x 32bit values
002648  002852  //          : placing the 32bit result in a 2 word array.
002649  002853  // Returns  : returns 1 on 32bit unsigned overflow (borrow).
002650  002854  //          ; carry flag is also set on 32bit unsigned underflow
002651  002855  //          ; and can be read with the CY() function.
002652  002856  //================================================================
002653  002857        
002654  002858  //================================================================
002655  002859  func ucmp_3232("&val1", "&val2"), 1;
002656  002860  // Syntax   : cmp_3232(&varA, &varB);
002657  002861  // Input    : DWORD *val1 points to 32bit minuend
002658  002862  //          : DWORD *val2 points to 32bit sutrahend
002659  002863  // Usage    : res := cmp_3232(val1, val2);
002660  002864  // Notes    : performs an unsigned comparison of 2 x 32bit values.
002661  002865  //          : The result of the subtraction is returned.
002662  002866  // Returns  : 0  if equal
002663  002867  //          : 1  if val1 > val2
002664  002868  //          : -1 if val1 < val2
002665  002869  //          : This function does not affect the carry flag.
002666  002870  //================================================================
002667  002871        
002668  002872  //------------------------------------------------------------------//
002669  002873  // CONSTANTS
002670  002874  //------------------------------------------------------------------//
002671  002875        
002672  002876  // generic constants
002673  002877  #CONST
002674  002886  #END
002675  002887        
002676  002888  //------------------------------------------------------------------------------
002677  002889  // Pin related constants
002678  002890  //------------------------------------------------------------------------------
002679  002891  #CONST
002680  002909  #END
002681  002910        
002682  002911  //------------------------------------------------------------------------------
002683  002912  //gfx_Set() related constants
002684  002913  //------------------------------------------------------------------------------
002685  002914  #CONST
002686  002931  #END
002687  002932        
002688  002933        
002689  002934  //gfx_Get() related constants
002690  002935  #CONST
002691  002944  #END
002692  002945        
002693  002946        
002694  002947        
002695  002948        
002696  002949  #CONST
002697  002962  #END
002698  002963        
002699  002964        
002700  002965  #CONST
002701  002988  #END
002702  002989        
002703  002990  //------------------------------------------------------------------------------
002704  002991  //txt_Set() related constants
002705  002992  //------------------------------------------------------------------------------
002706  002993  #CONST
002707  003012  #END
002708  003013        
002709  003014        
002710  003015        
002711  003016  //------------------------------------------------------------------------------
002712  003017  //txt_Set() related arguments
002713  003018  // NB:- FONT4 must be inherited if required,
002714  003019  // eg #inherit "FONT4.fnt"
002715  003020  //------------------------------------------------------------------------------
002716  003021  #CONST
002717  003033  #END
002718  003034        
002719  003035        
002720  003036        
002721  003037  //touch_Set() related constants
002722  003038  #CONST
002723  003042  #END
002724  003043        
002725  003044  //touch_Get() related constants
002726  003045  #CONST
002727  003053  #END
002728  003054        
002729  003055  // image control offset related constants
002730  003056  #CONST
002731  003063  #END
002732  003064        
002733  003065  // image attribute flags
002734  003066  // for img_SetAttributes(...) and img_ClearAttributes(...)
002735  003067  #CONST
002736  003081  #END
002737  003082        
002738  003083        
002739  003084  #constant ALL 0xFFFF // argument for img_xxx functions to update all images
002740  003084  #constant ALL 0xFFFF // argument for img_xxx functions to update all images
002741  003085        
002742  003086  // image control entry offsets
002743  003087  #CONST
002744  003102  #END
002745  003103        
002746  003104  #CONST
002747  003122  #END
002748  003123        
002749  003124        
002750  003125        
002751  003126        
002752  003127  #CONST
002753  003147  #END
002754  003148        
002755  003149        
002756  003150        
002757  003151  // timer control  related constants
002758  003152  #CONST
002759  003161  #END
002760  003162        
002761  003163  // I2C timing related constants
002762  003164  #CONST
002763  003168  #END
002764  003169        
002765  003170        
002766  003171  // spi_Init(...)  mode arguments
002767  003172  #CONST
002768  003182  #END
002769  003183        
002770  003184  //------------------------------------------------------------------------------
002771  003185  // system WORD variables accesible with peekW and pokeW or pointer access
002772  003186  // Note that the txt_Set variables (0-15) and gfx_set variables (16-31)
002773  003187  // can also be accessed with peekW and pokeW
002774  003188  //------------------------------------------------------------------------------
002775  003189        
002776  003190  #CONST
002777  003282  #END
002778  003283        
002779  003284  //------------------------------------------------------------------------------
002780  003285  // FILEIO Error Code Constants
002781  003286  //------------------------------------------------------------------------------
002782  003287  #CONST
002783  003312  #END
002784  003313        
002785  003314  //==================================================================================================
002786  003315        
002787  003316        
002788  003317        
002789  000013      #ENDIF
002790  000014        
002791  000015        
002792  000016      #CONST
002793  000072      #END
002794  000073        
002795  000074        
002796  000075  //===========================================================================================
002797  000076        
002798  000077        
002799  000002        
002800  000003  // generated 23/08/2013 21:53:53
002801  000004        
002802  000005        
file C:\Program Files (x86)\4D Labs\4D Workshop 4 IDE\include\4DGL_16bitColours.fnc

002803  000006  #inherit "4DGL_16bitColours.fnc"
002804  000006  #inherit "4DGL_16bitColours.fnc"
002805  000004  */
002806  000005        
002807  000006        
002808  000007        
002809  000008  #CONST
002810  000149  #END
002811  000150        
002812  000007        
file C:\Program Files (x86)\4D Labs\4D Workshop 4 IDE\include\VisualConst.inc

002813  000008  #inherit "VisualConst.inc"
002814  000008  #inherit "VisualConst.inc"
002815  000001  // Line Patterns
002816  000002  #constant  LPCOARSE    0xF0F0
002817  000002  #constant  LPCOARSE    0xF0F0
002818  000003  #constant  LPMEDIUM    0x3333
002819  000003  #constant  LPMEDIUM    0x3333
002820  000004  #constant  LPFINE      0xAAAA
002821  000004  #constant  LPFINE      0xAAAA
002822  000005  #constant  LPDASHDOT   0x03CF
002823  000005  #constant  LPDASHDOT   0x03CF
002824  000006  #constant  LPDASHDOTDOT 0x0333
002825  000006  #constant  LPDASHDOTDOT 0x0333
002826  000007  #constant  LPSOLID     0x0000
002827  000007  #constant  LPSOLID     0x0000
002828  000009        
file C:\Program Files (x86)\4D Labs\4D Workshop 4 IDE\include\XYposToDegree.inc

002829  000010  #inherit "XYposToDegree.inc"
002830  000010  #inherit "XYposToDegree.inc"
002831  000001  //
002832  000002  // Routine to convert X/Y (Relative to 0,0) position into Degrees
002833  000003  // 0 Degrees is straight down to suit rotary objects
002834  000004  //
002835  000005        
002836  000017  #END
2837  006B
2838  006C
2839  006D
2840  006E
2841  006F
2842  0070
2843  0071
2844  0072
2845  0073
2846  0074
2847  0075
2848  0076
2849  0077
2850  0078
2851  0079
2852  007A
2853  007B
2854  007C
2855  007D
2856  007E
2857  007F
2858  0080
2859  0081
2860  0082
2861  0083
2862  0084
2863  0085
2864  0086
2865  0087
2866  0088
2867  0089
2868  008A
2869  008B
2870  008C
2871  008D
2872  008E
2873  008F
2874  0090
2875  0091
2876  0092
2877  0093
2878  0094
2879  0095
2880  0096
2881  0097
2882  0098
2883  0099
2884  009A
2885  009B
2886  009C
2887  009D
2888  009E
2889  009F
2890  00A0
2891  00A1
2892  00A2
2893  00A3
2894  00A4
2895  00A5
2896  00A6
2897  00A7
2898  00A8
2899  00A9
2900  00AA
2901  00AB
2902  00AC
2903  00AD
2904  00AE
2905  00AF
2906  00B0
2907  00B1
2908  00B2
2909  00B3
2910  00B4
2911  00B5
2912  00B6
2913  00B7
2914  00B8
2915  00B9
2916  00BA
2917  00BB
2918  00BC
2919  00BD
2920  00BE
2921  00BF
2922  00C0
2923  00C1
2924  00C2
2925  00C3
2926  00C4
2927  00C5
2928  00C6
2929  00C7
2930  00C8
2931  00C9
2932  00CA
2933  00CB
2934  00CC
2935  00CD
2936  00CE
2937  00CF
002938  000018        
002939  000019  func XYposToDegree(var curX, var curY)
002940  000020      var delta, deg, adj ;
002941  000021      if (curY < 0)
002942  000022          if (curX < 0)
002943  000023              adj := 1 ;
002944  000024              deg := 90 ;
002945  000025          else
002946  000026              adj := 2 ;
002947  000027              deg := 180 ;
002948  000028          endif
002949  000029      else
002950  000030          if (curX < 0)
002951  000031              deg := 0 ;
002952  000032              adj := 2 ;
002953  000033          else
002954  000034              deg := 270 ;
002955  000035              adj := 1 ;
002956  000036          endif
002957  000037      endif
002958  000038        
002959  000039      curX := ABS(curX) ;
002960  000040      curY := ABS(curY) ;
002961  000041      if (curX < curY)
002962  000042          adj &= 1 ;
002963  000043      else
002964  000044          adj &= 2 ;
002965  000045          SWAP(&curX, &curY) ;
002966  000046      endif
002967  000047      delta := arctan[(curX * 100) / curY] ;
002968  000048      if (adj)
002969  000049          deg += 90 - delta ;
002970  000050      else
002971  000051          deg += delta ;
002972  000052      endif
002973  000053        
002974  000054      return deg ;
002975  000055  endfunc
002976  000056        
002977  000011        
file C:\Users\Ben\Desktop\Visi\RockerSwitch.4DWork\RockerSwitchConst.inc

002978  000012  #inherit "RockerSwitchConst.inc"
002979  000012  #inherit "RockerSwitchConst.inc"
002980  000001  // File generated 23/08/2013 21:53:53
002981  000002  // Warning! This is a generated file, any manual changes will be
002982  000003  // lost during the next generation.
002983  000004        
002984  000005  // object indexes into ImageControl
002985  000006  #CONST
002986  000009  #END
002987  000010        
002988  000011  var disk, hndl ;
002989  000013        
file C:\Program Files (x86)\4D Labs\4D Workshop 4 IDE\include\CLPrintStrings.inc

002990  000014  #inherit "CLPrintStrings.inc"
002991  000014  #inherit "CLPrintStrings.inc"
002992  000001  func PrintStrings(var ID, var *msgid, var String)
002993  000002      var StringID, i, ch, offs32[2], res32[2];
002994  000003      StringID := oStringss[1+ID] ;
002995  000004      if (String)
002996  000005          stringsCV[ID] := -1 ;
002997  000006      else
002998  000007          stringsCV[ID] := msgid ;
002999  000008      endif
003000  000009      if ((StringID == -1) || (*(StringID + STForm) != curform)) return ;
003001  000010      txt_FontID(hFonts[ID]) ;
003002  000011      txt_Attributes(*(StringID + STFontAttribs)) ; // >> 4 fix for r25,6,7,8 PmmC
003003  000012  //    txt_Opacity(*(StringID + STTransparent)) ;
003004  000013        
003005  000014      if (*(StringID + STTransparent))
003006  000015          gfx_RectangleFilled(*(StringID + STx1), *(StringID + STy1), *(StringID + STx2), *(StringID + STy2), *(StringID + STBGColor));
003007  000016      else if (formBGcol[curform] != BGIMAGE)
003008  000017          gfx_RectangleFilled(*(StringID + STx1), *(StringID + STy1), *(StringID + STx2), *(StringID + STy2), formBGcol[curform]);
003009  000018      else
003010  000019          gfx_ClipWindow(*(StringID + STx1), *(StringID + STy1), *(StringID + STx2), *(StringID + STy2)) ;
003011  000020          gfx_Clipping(ON) ;
003012  000021          img_Show(hndl,formstidx[curform]) ;
003013  000022          gfx_Clipping(OFF) ;
003014  000023        
003015  000024      endif
003016  000025        
003017  000026      txt_FGcolour(*(StringID + STFGColor)) ;
003018  000027      txt_BGcolour(*(StringID + STBGColor)) ;
003019  000028      txt_Opacity(TRANSPARENT);                // 8  text OPAQUE or TRANSPARENT
003020  000029        
003021  000030      gfx_MoveTo(*(StringID + STx1) , *(StringID + STy1)) ;
003022  000031        
003023  000032      if (String)
003024  000033          i := 0 ;
003025  000034          ch := msgid[i++] ;
003026  000035          while (ch != 0)
003027  000036              putch(ch) ;
003028  000037              ch := msgid[i++] ;
003029  000038          wend
003030  000039      else
003031  000040          umul_1616(offs32, *(StringID + STSize), msgid);
003032  000041          res32[1] := *(StringID + STStartH) ;
003033  000042          res32[0] := *(StringID + STStartL) ;
003034  000043          uadd_3232(res32,res32,offs32) ;
003035  000044          file_Seek(hstrings, res32[1], res32[0]);
003036  000045          repeat
003037  000046              if (*(StringID + STAnsi))
003038  000047                  ch := file_GetC(hstrings) ;
003039  000048              else
003040  000049                  ch := file_GetW(hstrings) ;
003041  000050              endif
003042  000051              putch(ch) ;
003043  000052          until (ch == 0) ;
003044  000053      endif
003045  000054        
003046  000055  endfunc
003047  000056        
003048  000015        
003049  000016        
003050  000017  #constant IPDatasize 22
003051  000017  #constant IPDatasize 22
003052  000018        
003053  000019  #CONST
003054  000021  #END
003055  000022        
003056  000023  #CONST
003057  000110  #END
003058  000111        
003059  000112  #CONST
003060  000125  #END
003061  000126        
003062  000127  #constant KbShiftBit        01
003063  000127  #constant KbShiftBit        01
003064  000128  #constant KbCapsBit         02
003065  000128  #constant KbCapsBit         02
003066  000129  #constant KbShiftCapsBits   03
003067  000129  #constant KbShiftCapsBits   03
003068  000130  #constant KbCtrlBit         04
003069  000130  #constant KbCtrlBit         04
003070  000131        
003071  000132  func refreshstate(var iKB, var oKB)
003072  000133      var shifted ;
003073  000134      shifted := oKB[KbState] & KbShiftCapsBits ;
003074  000135      if (!shifted || (shifted == KbShiftCapsBits))
003075  000136          shifted := 0 ;
003076  000137          oKB[KbCaps] := 0 ;
003077  000138      else
003078  000139          shifted := 1 ;
003079  000140          oKB[KbCaps] := 2 ;
003080  000141      endif
003081  000142      setkeystate(iKB,shifted) ;
003082  000143      if (oKB[KbState] & KbCapsBit)
003083  000144          setkeystate(iKB + oKB[KbLock],1) ;
003084  000145      endif
003085  000146      if ((oKB[KbState] & KbShiftBit) && (shifted))
003086  000147          setkeystate(iKB + oKB[KbShift1],1) ;
003087  000148          setkeystate(iKB + oKB[KbShift2],1) ;
003088  000149      endif
003089  000150      if (oKB[KbState] & KbCtrlBit)
003090  000151          setkeystate(iKB + oKB[KbCtrl1],1) ;
003091  000152          setkeystate(iKB + oKB[KbCtrl2],1) ;
003092  000153      endif
003093  000154  endfunc
003094  000155        
003095  000156  func kbDown(var iKB, var oKB, var KBKeys, var key)
003096  000157      var keyval ;
003097  000158      oKB[KbMvt] := 1 ;
003098  000159      oKB[KbIgn]  := 0 ;
003099  000160      if ((key == oKB[KbShift1]) || (key == oKB[KbShift2]))
003100  000161          if (oKB[KbState] & KbShiftBit)
003101  000162              oKB[KbState] &= ~KbShiftBit ;
003102  000163              oKB[KbMvt] := 0 ;
003103  000164          else
003104  000165              oKB[KbState] |= KbShiftBit ;
003105  000166          endif
003106  000167          refreshstate(iKB, oKB) ;
003107  000168          oKB[KbIgn] := 1 ;
003108  000169      else if ((key == oKB[KbCtrl1]) || (key == oKB[KbCtrl2]))
003109  000170          if (oKB[KbState] & KbCtrlBit)
003110  000171              oKB[KbState] &= ~KbCtrlBit ;
003111  000172              oKB[KbMvt] := 0 ;
003112  000173          else
003113  000174              oKB[KbState] |= KbCtrlBit ;
003114  000175          endif
003115  000176          setkeystate(iKB+oKB[KbCtrl1],oKB[KbMvt]) ;
003116  000177          key := oKB[KbCtrl2] ;
003117  000178          oKB[KbIgn] := 1 ;
003118  000179      else if (key == oKB[KbLock])
003119  000180          if (oKB[KbState] & KbCapsBit)
003120  000181              oKB[KbState] &= ~KbCapsBit ;
003121  000182              oKB[KbMvt] := 0 ;
003122  000183          else
003123  000184              oKB[KbState] |= KbCapsBit ;
003124  000185          endif
003125  000186          refreshstate(iKB, oKB) ;
003126  000187          oKB[KbIgn] := 1 ;
003127  000188      endif
003128  000189        
003129  000190      if (!oKB[KbIgn])
003130  000191          if (oKB[KbShiftCaps])
003131  000192              keyval := (oKB[KbState] & KbShiftCapsBits) * oKB[KbButtons] - 1 ;
003132  000193          else if (((oKB[KbState] & KbShiftCapsBits) == 0) || ((oKB[KbState] & KbShiftCapsBits) == KbShiftCapsBits))
003133  000194                  keyval := - 1 ;
003134  000195              else
003135  000196                  keyval := oKB[KbButtons] - 1 ;
003136  000197          endif
003137  000198          keyval := KBKeys[key+keyval] ;
003138  000199          if (oKB[KbState] & KbCtrlBit) keyval &= 0x9F ;
003139  000200          seroutCS(REPORT_EVENT) ;
003140  000201          seroutCS(tKeyboard) ;
003141  000202          seroutCS(actKB) ;
003142  000203          seroutCS(0) ;
003143  000204          seroutCS(keyval) ;
003144  000205          seroutOcs() ;
003145  000206          setkeystate(iKB+key,oKB[KbMvt]+oKB[KbCaps]) ;
003146  000207      endif
003147  000208      oKB[KbDown] := key ;
003148  000209  endfunc
003149  000210        
003150  000211  func setkeystate(var key, var idx)
003151  000212      img_SetWord(hndl, key,IMAGE_INDEX, idx);
003152  000213      img_Show(hndl,key) ;
003153  000214  endfunc
003154  000215        
003155  000216  func kbUp(var iKB, var oKB)
003156  000217      if (!oKB[KbIgn])
003157  000218          setkeystate(iKB + oKB[KbDown],oKB[KbCaps]) ;
003158  000219          if (oKB[KbState] & KbShiftBit)
003159  000220              oKB[KbState] &= ~KbShiftBit ;
003160  000221              refreshstate(iKB, oKB) ;
003161  000222          endif
003162  000223          if (oKB[KbState] & KbCtrlBit)
003163  000224              oKB[KbState] &= ~KbCtrlBit ;
003164  000225              setkeystate(iKB + oKB[KbCtrl1],0) ;
003165  000226              setkeystate(iKB + oKB[KbCtrl2],0) ;
003166  000227          endif
003167  000228          oKB[KbDown] := -1 ;
003168  000229      endif
003169  000230  endfunc
003170  000231        
003171  000269  #END
3172  010A
3173  010B
3174  010C
3175  010D
3176  010E
3177  010F
3178  0110
3179  0111
3180  0112
3181  0113
3182  0114
3183  0115
3184  0116
3185  0117
3186  0118
3187  0119
3188  011A
3189  011B
3190  011C
3191  011D
3192  011E
3193  011F
3194  0120
3195  0121
3196  0122
3197  0123
3198  0124
3199  0125
3200  0126
3201  0127
3202  0128
3203  0129
3204  012A
3205  012B
3206  012C
3207  012D
3208  012E
3209  012F
3210  0130
3211  0131
3212  0132
3213  0133
3214  0134
3215  0135
3216  0136
3217  0137
3218  0138
3219  0139
3220  013A
3221  013B
3222  013C
3223  013D
3224  013E
3225  013F
3226  0140
3227  0141
3228  0142
3229  0143
3230  0144
3231  0145
3232  0146
3233  0147
3234  0148
3235  0149
3236  014A
3237  014B
3238  014C
3239  014D
3240  014E
3241  014F
3242  0150
3243  0151
3244  0152
3245  0153
3246  0154
3247  0155
3248  0156
3249  0157
3250  0158
3251  0159
3252  015A
3253  015B
3254  015C
3255  015D
3256  015E
3257  015F
3258  0160
3259  0161
3260  0162
3261  0163
3262  0164
3263  0165
3264  0166
3265  0167
3266  0168
3267  0169
3268  016A
3269  016B
3270  016C
3271  016D
3272  016E
3273  016F
3274  0170
3275  0171
3276  0172
3277  0173
3278  0174
3279  0175
3280  0176
3281  0177
3282  0178
3283  0179
3284  017A
3285  017B
3286  017C
3287  017D
3288  017E
3289  017F
3290  0180
3291  0181
3292  0182
3293  0183
3294  0184
3295  0185
3296  0186
3297  0187
3298  0188
3299  0189
3300  018A
3301  018B
3302  018C
3303  018D
3304  018E
3305  018F
3306  0190
3307  0191
3308  0192
3309  0193
3310  0194
3311  0195
3312  0196
3313  0197
3314  0198
3315  0199
3316  019A
3317  019B
3318  019C
3319  019D
3320  019E
3321  019F
3322  01A0
3323  01A1
3324  01A2
3325  01A3
3326  01A4
3327  01A5
3328  01A6
3329  01A7
3330  01A8
003331  000270        
003332  000271  var hFonts[1] ;
003333  000272  var iSounds[1] ;
003334  000273  var stringsCV[1] ;
003335  000274  var dKeyboard[1] ;
003336  000275  var fTimers[1] ;
003337  000276  var oObjects[MaxTotObjects+1] ;                 // address of objects
003338  000277  var hstrings ;
003339  000278  var curform ;
003340  000279  var x, y, actKB ;
003341  000280  var inputtype, TState, input, object ;
003342  000281  var comRX[40], cmd[CMDLenMAX] ;
003343  000282        
003344  000283  var cs, Ocs ;
003345  000284        
003346  000285  func seroutCS(var op)
003347  000286      serout(op) ;
003348  000287      Ocs ^= op ;
003349  000288  endfunc
003350  000289        
003351  000290  func seroutOcs()
003352  000291      serout(Ocs) ;
003353  000292      Ocs := 0 ;
003354  000293  endfunc
003355  000294        
003356  000295  func TMul(var p1, var p2, var p3)
003357  000296      var var32[2], var322[2] ;
003358  000297      umul_1616(var32, p1, *(input+p2)) ;
003359  000298      umul_1616(var322, var32[1], *(input+p3)) ;
003360  000299      umul_1616(var32, var32[0], *(input+p3)) ;
003361  000300      return(var32[1] + var322[0]) ;
003362  000301  endfunc
003363  000302        
003364  000303  func ReadObject(var ObjectType, var ObjectIdx)
003365  000304      var j, k, Objects ;
003366  000305      Objects := *(oObjects+ObjectType) ;
003367  000306        
003368  000307      seroutCS(REPORT_OBJ) ;
003369  000308      seroutCS(ObjectType) ;
003370  000309      seroutCS(ObjectIdx) ;
003371  000310      j := 2 + ObjectIdx * 2 + Objects ;
003372  000311      if ((ObjectType == tCustomdigits) || (ObjectType == tLeddigits))
003373  000312          k := img_GetWord(hndl, *j, IMAGE_TAG2);
003374  000313      else if (ObjectType == tStrings)
003375  000314          k := stringsCV[ObjectIdx];
003376  000315      else if (ObjectType == tTimer)
003377  000316          k := sys_GetTimer(ObjectIdx);
003378  000317      else if (ObjectType == tSounds)
003379  000318          k := snd_Playing();             // only a code of 0 is valid, return playing block regardless
003380  000319      else
003381  000320          k := img_GetWord(hndl, *j, IMAGE_INDEX);
003382  000321          if ((ObjectType == tWinButton) && (k)) k := 1 ;
003383  000322      endif
003384  000323      seroutCS(k >> 8) ; // first 8 bits
003385  000324      seroutCS(k) ;
003386  000325      seroutOcs() ;
003387  000326  endfunc
003388  000327        
003389  000328  func WriteObject(var ObjectType, var ObjectIdx, var NewVal)
003390  000329      var i, j, Objects ;
003391  000330      ObjectType &= 0x3f ;
003392  000331      if (ObjectType == tForm)
003393  000332          ActivateForm(ObjectIdx) ;
003394  000333      else
003395  000334          Objects := *(oObjects+ObjectType)+ObjectIdx*2+2 ;
003396  000335          i := *(Objects) ;
003397  000336          if (ObjectType == tWinButton)
003398  000337              j := IPControls[oWinButtons[ObjectIdx+1]] ;
003399  000338              if (*(j+IPData+IPD_P2) != -1) TurnOffButtons(*(j+IPData+IPD_P2)) ;
003400  000339              NewVal := NewVal << 1 ;
003401  000340          endif
003402  000341          if (ObjectType == tCustomdigits)
003403  000342              img_SetWord(hndl, i , IMAGE_TAG2, NewVal); // where state is 0 to 2
003404  000343              ledDigitsDisplay(i, oCustomdigitss, OPDataC) ;
003405  000344          else if (ObjectType == tLeddigits)
003406  000345              img_SetWord(hndl, i , IMAGE_TAG2, NewVal); // where state is 0 to 2
003407  000346              ledDigitsDisplay(i, oLeddigitss, OPDataL) ;
003408  000347          else if (ObjectType == tStrings)
003409  000348              PrintStrings(ObjectIdx, NewVal, 0);
003410  000349          else if (ObjectType == tTimer)
003411  000350              if (NewVal)
003412  000351                  sys_SetTimerEvent(ObjectIdx, fTimers[ObjectIdx]);
003413  000352                  sys_SetTimer(ObjectIdx, oTimers[ObjectIdx+1]);
003414  000353              else
003415  000354                  sys_SetTimerEvent(ObjectIdx, 0);
003416  000355  //                sys_SetTimer(ObjectIdx, 0);
003417  000356              endif
003418  000357          else if (ObjectType == tSounds)
003419  000358              if (!ObjectIdx)
003420  000359                  file_PlayWAV(iSounds[NewVal]);
003421  000360              else if (ObjectIdx == 1)
003422  000361                  snd_Volume(NewVal) ;
003423  000362              else if (ObjectIdx == 2)
003424  000363                  snd_Pause() ;
003425  000364              else if (ObjectIdx == 3)
003426  000365                  snd_Continue() ;
003427  000366              else if (ObjectIdx == 4)
003428  000367                  snd_Stop() ;
003429  000368              endif
003430  000369          else
003431  000370              img_SetWord(hndl, i , IMAGE_INDEX, NewVal); // where state is 0 to 2
003432  000371              img_Show(hndl, i) ; // will only display if form is current
003433  000372          endif
003434  000373      endif
003435  000374  endfunc
003436  000375        
003437  000376  func TurnOffButtons(var group)
003438  000377      var j, k, l;
003439  000378      for (j := 0; j < nInputs; j++)
003440  000379          k := j*IPDatasize ;
003441  000380          l := oWinButtons[*(IPData+k+IPD_OBJVidx)/2] ;
003442  000381          if ((*(IPData+k) == tWinButton) && (*(IPData+k+IPD_P2) == group))
003443  000382              img_SetWord(hndl, l, IMAGE_INDEX, 0);
003444  000383              img_Show(hndl, l);      // only shows on current form
003445  000384          endif
003446  000385      next
003447  000386  endfunc
003448  000387        
003449  000388  // WARNING, this code will crash if newval exceeds maximum displayable number
003450  000389  func ledDigitsDisplay(var imgidx, var typeptr, var setptr)
003451  000390      var i, j, k, l, lb, newval ;
003452  000391      if (!((img_GetWord(hndl, imgidx, IMAGE_FLAGS) & I_ENABLED))) return ;  // ;img_GetWord(hndl, imgidx, IMAGE_TAG2) ;if diabled then exit
003453  000392      newval := img_GetWord(hndl, imgidx, IMAGE_TAG2) ;
003454  000393      i := -1 ;
003455  000394      j := *(typeptr) ;
003456  000395      repeat
003457  000396          typeptr += 2 ;
003458  000397          i++ ;
003459  000398          until (*(typeptr) == imgidx);
003460  000399      j := setptr + i*10 ;
003461  000400        
003462  000401      imgidx++ ;
003463  000402      l := 1 ;
003464  000403      for (i := 1; i < *(j+iDigits); i++)
003465  000404          l *= 10 ;
003466  000405      next
003467  000406      lb := *(j+iLeadingBlanks) ;
003468  000407      for (i := 0; i < *(j+iDigits); i++)
003469  000408          k := newval / l ;
003470  000409          newval -= k * l ;
003471  000410          if ( lb && (i < *(j+iDigits) - *(j+iMinDigits)) )
003472  000411              if (k == 0)
003473  000412                  k := -1 ; // was 10
003474  000413              else
003475  000414                  lb := 0 ;
003476  000415              endif
003477  000416          endif
003478  000417          l /= 10 ;
003479  000418          img_SetWord(hndl, imgidx, IMAGE_INDEX, k);
003480  000419          img_SetWord(hndl, imgidx, IMAGE_XPOS, *(j+ileft)+i* *(j+iWidthDigit)) ;
003481  000420          img_Show(hndl, imgidx);
003482  000421      next
003483  000422  endfunc
003484  000423        
003485  000424  func ActivateForm(var newform)
003486  000425      var i, j ;
003487  000426      if (curform != -1) // deactivate old form, by disabling all inputs
003488  000427          for (i := formstidx[curform]; i <= formenidx[curform]; i++)
003489  000428              if (img_GetWord(hndl, i, IMAGE_TAG))
003490  000429                  img_Disable(hndl,i) ;
003491  000430              endif
003492  000431          next
003493  000432      endif
003494  000433      curform := newform ;
003495  000434      // display newform image or clear to image color
003496  000435      if (formBGcol[curform] != BGIMAGE)
003497  000436          gfx_Set(BACKGROUND_COLOUR,formBGcol[curform]);
003498  000437          gfx_Cls() ;
003499  000438          DoGFXObjects() ;                                    // display GFX 'widgets'
003500  000439      endif
003501  000440        
003502  000441      // enable inputs
003503  000442      for (i := formstidx[curform]; i < formenidx[curform]; i++)
003504  000443          j := img_GetWord(hndl, i, IMAGE_TAG) ;
003505  000444          if (j)
003506  000445              j-- ;
003507  000446              img_SetAttributes(hndl, i, I_STAYONTOP+I_ENABLED);        // make sure this is on top of form, if applicable
003508  000447              //if (j != tKeyboard)
003509  000448              if (j <= tWinButton)
003510  000449                  img_ClearAttributes(hndl, i, I_TOUCH_DISABLE);  // ensure touch is enabled
003511  000450              endif
003512  000451              img_Show(hndl,i) ; // show initialy, if required
003513  000452              if (j == tForm)
003514  000453                  DoGFXObjects() ;                                    // display GFX 'widgets' for image backgruobds
003515  000454              else if (j == tCustomdigits)
003516  000455                  ledDigitsDisplay(i, oCustomdigitss, OPDataC) ;
003517  000456              else if (j == tLeddigits)
003518  000457                  ledDigitsDisplay(i, oLeddigitss, OPDataL) ;
003519  000458              endif
003520  000459          endif
003521  000460      next
003522  000461      for (i := 0; i < oStringss[0]; i++)
003523  000462          if (stringsCV[i] != -1)
003524  000463              WriteObject(tStrings, i, stringsCV[i]) ;
003525  000464          endif
003526  000465      next
003527  000466  endfunc
003528  000467        
003529  000468  func UpdateObjects(var newval)
003530  000469      var IPidx, otherOBJ ;
003531  000470      if ( ( img_GetWord(hndl, *(object), IMAGE_INDEX) != newval) || (TState == IPD_RELEASE) ) // only bother if values changed, or release
003532  000471        
003533  000472          img_SetWord(hndl, *(object), IMAGE_INDEX, newval);
003534  000473          img_Show(hndl, *(object));      // only shows on current form
003535  000474          IPidx := *(input+TState) ;
003536  000475          while(IPidx != 0)
003537  000476              otherOBJ := IPidx + IPData;
003538  000477              if (*(otherOBJ) == OT_REPORT)
003539  000478                  if ((inputtype == tWinButton) && (newval > 1))newval := newval >> 1;
003540  000479                  seroutCS(REPORT_EVENT) ;
003541  000480                  seroutCS(inputtype) ;
003542  000481                  seroutCS(*(otherOBJ+IPD_OBJVidx)) ;
003543  000482                  seroutCS(newval >> 8) ;
003544  000483                  seroutCS(newval) ;
003545  000484                  seroutOcs() ;
003546  000485              else if (TState == *(otherOBJ+IPD_P4))
003547  000486                  if (*(otherOBJ) == OT_ACTIVATE)
003548  000487                      ActivateForm(*(otherOBJ+IPD_P2) ) ;
003549  000488                      inputtype := tForm ;
003550  000489                  else if (*(otherOBJ) == OT_SETCONST)
003551  000490                      newval := *(otherOBJ+IPD_P3) ;
003552  000491                      WriteObject(*(otherOBJ+IPD_P1), *(otherOBJ+IPD_P2), newval) ;
003553  000492                  else if (*(otherOBJ) == OT_SETANOTHER)
003554  000493                      WriteObject(*(otherOBJ+IPD_P1), *(otherOBJ+IPD_P2), newval) ;
003555  000494                  else if (*(otherOBJ) == OT_PREVFRAME)
003556  000495                      if (img_GetWord(hndl, *(otherOBJ+IPD_P2), IMAGE_INDEX))
003557  000496                          WriteObject(tVideo,*(otherOBJ+IPD_P2),img_GetWord(hndl, *(otherOBJ+IPD_P2), IMAGE_INDEX)-1) ;
003558  000497                      endif
003559  000498                      newval := img_GetWord(hndl, *(otherOBJ+IPD_P2), IMAGE_INDEX) ;
003560  000499                  else if (*(otherOBJ) == OT_NEXTFRAME)
003561  000500                      if (img_GetWord(hndl, *(otherOBJ+IPD_P2), IMAGE_INDEX) < *(otherOBJ+IPD_P3)) // fix IPD_P2 not filled in yet
003562  000501                          WriteObject(tVideo,*(otherOBJ+IPD_P2),img_GetWord(hndl, *(otherOBJ+IPD_P2), IMAGE_INDEX)+1) ;
003563  000502                      endif
003564  000503                      newval := img_GetWord(hndl, *(otherOBJ+IPD_P2), IMAGE_INDEX) ;
003565  000504                  else if (*(otherOBJ) == OT_PREVSTRING)
003566  000505                      if (stringsCV[*(otherOBJ+IPD_P2)])
003567  000506                          WriteObject(tStrings,*(otherOBJ+IPD_P2),stringsCV[*(otherOBJ+IPD_P2)]-1) ;
003568  000507                      endif
003569  000508                  else if (*(otherOBJ) == OT_NEXTSTRING)
003570  000509                      if (stringsCV[*(otherOBJ+IPD_P2)] < *(otherOBJ+IPD_P3)) // fix IPD_P2 not filled in yet
003571  000510                          WriteObject(tStrings,*(otherOBJ+IPD_P2),stringsCV[*(otherOBJ+IPD_P2)]+1) ;
003572  000511                      endif
003573  000512                  endif
003574  000513              endif
003575  000514              IPidx := *(otherOBJ+TState) ;
003576  000515          wend
003577  000516      endif
003578  000517  endfunc
003579  000518        
003580  000519  func DoGFXObjects()
003581  000520  endfunc
003582  000521        
003583  000522  func main()
003584  000523      var comTX[50], cmdi, i, j, n, state, oldn ;
003585  000524      actKB := -1 ;
003586  000525      putstr("Mounting...\n");
003587  000526      if (!(disk:=file_Mount()))
003588  000527          while(!(disk :=file_Mount()))
003589  000528              putstr("Drive not mounted...");
003590  000529              pause(200);
003591  000530              gfx_Cls();
003592  000531              pause(200);
003593  000532          wend
003594  000533      endif
003595  000534  //    gfx_MoveTo(0, 0);
003596  000535  //    print(mem_Heap()," ") ;
003597  000536  //    gfx_TransparentColour(0x0020);
003598  000537  //    gfx_Transparency(ON);
003599  000538        
003600  000539      gfx_ScreenMode(PORTRAIT) ;
003601  000540        
003602  000541      // open image control
003603  000542      hndl := file_LoadImageControl("ROCKER~1.dat", "ROCKER~1.gci", 1);
003604  000543        
003605  000544      // init 'constants'
003606  000545        
003607  000546      oObjects[tDipSwitch] := oDipSwitchs ;
003608  000547      oObjects[tKnob] := oKnobs ;
003609  000548      oObjects[tRockerSwitch] := oRockerSwitchs ;
003610  000549      oObjects[tRotarySwitch] := oRotarySwitchs ;
003611  000550      oObjects[tGSlider] := oGSliders ;
003612  000551      oObjects[tTrackbar] := oTrackbars ;
003613  000552      oObjects[tWinButton] := oWinButtons ;
003614  000553      oObjects[tAngularmeter] := oAngularmeters ;
003615  000554      oObjects[tCoolgauge] := oCoolgauges ;
003616  000555      oObjects[tCustomdigits] := oCustomdigitss ;
003617  000556      oObjects[tForm] := oForms ;
003618  000557      oObjects[tGauge] := oGauges ;
003619  000558      oObjects[tImage] := oImages ;
003620  000559      oObjects[tKeyboard] := oKeyboards ;
003621  000560      oObjects[tLed] := oLeds ;
003622  000561      oObjects[tLeddigits] := oLeddigitss ;
003623  000562      oObjects[tMeter] := oMeters ;
003624  000563      oObjects[tStrings] := oStringss ;
003625  000564      oObjects[tThermometer] := oThermometers ;
003626  000565      oObjects[tUserled] := oUserleds ;
003627  000566      oObjects[tVideo] := oVideos ;
003628  000567      oObjects[tStaticText] := oStaticTexts ;
003629  000568      oObjects[tSounds] := oSoundss ;
003630  000569      oObjects[tTimer] := oTimers ;
003631  000570      hstrings := file_Open("ROCKER~1.txf", 'r') ; // Open handle to access uSD strings, uncomment if required
003632  000571      // init comms
003633  000572      com_Init(comRX,80,0);
003634  000573      setbaud(BAUD_9600);
003635  000574      com_TXbuffer(comTX, 100, 0);
003636  000575      // tag 'real' objects
003637  000576      for (i := 0; i <= MaxVisObjects; i++)
003638  000577          x := oObjects[i] ;
003639  000578          y := *(x) ;
003640  000579          for (n := 1; n <= y; n++)
003641  000580              oldn := *(x+n*2) ;
003642  000581   img_SetAttributes(hndl, oldn, I_TOUCH_DISABLE);  // ensure touch is enabled
003643  000582             if (oldn != -1)
003644  000583                  img_SetWord(hndl, oldn, IMAGE_TAG, i+1);
003645  000584                  img_Disable(hndl, oldn) ;
003646  000585              endif
003647  000586          next
003648  000587      next
003649  000588      for (i := 0; i < oKeyboards[0]; i++) // for each kb key, set tag to -1
003650  000589          for(n := oKeyboards[i+1]+1; n <= oKeyboards[i+1]+*(dKeyboard[i] + KbButtons); n++)
003651  000590              img_SetWord(hndl, n, IMAGE_TAG, -1);
003652  000591          next
003653  000592      next
003654  000593        
003655  000594      // display initial form
003656  000595      curform := -1 ;
003657  000596      ActivateForm(0) ; // need to change this according to first actual form
003658  000597        
003659  000598        
003660  000599      touch_Set(TOUCH_ENABLE);                            // enable the touch screen
003661  000600      oldn := -1 ;
003662  000601      repeat
003663  000602          // check comms for command, how to NAK invalid command
003664  000603          if (com_Count() != 0)
003665  000604              i := serin() ;
003666  000605              cs ^= i ;               // update checksum
003667  000606              if (   (cmdi > 2)
003668  000607                  && (cmd[0] == WRITE_STRU) )
003669  000608                  j := (cmdi-1) >> 1 + 2 ;
003670  000609                  if (j == CMDLenMAX)    // max length exceeded
003671  000610                      serout(NAK) ;
003672  000611                      cs := 0 ;
003673  000612                      cmdi := -1 ;
003674  000613                  else if (cmdi & 1)
003675  000614                      cmd[j] := i ;
003676  000615                      if (cmd[2] == 0)    // if string complete
003677  000616                          if (cs)
003678  000617                              serout(NAK) ;
003679  000618                              cs := 0 ;
003680  000619                          else
003681  000620                              cmd[j] := 0 ;                     // terminate it
003682  000621                              PrintStrings(cmd[1], &cmd[3], 1) ;
003683  000622                              serout(ACK) ;
003684  000623                          endif
003685  000624                          cmdi := -1 ;
003686  000625                      endif
003687  000626                  else
003688  000627                      cmd[j] := cmd[j] << 8 + i ;
003689  000628                      cmd[2]-- ;          // dec length
003690  000629                  endif
003691  000630                  cmdi++ ;
003692  000631              else // not unicode string
003693  000632                  cmd[cmdi++] := i ;
003694  000633        
003695  000634                  if (cmd[0] == WRITE_STR)        // ansi string
003696  000635                      if (cmdi == CMDLenMAX)      // max length exceeded
003697  000636                          serout(NAK) ;
003698  000637                          cs := 0 ;
003699  000638                          cmdi := 0 ;
003700  000639                      else if (cmdi > 2)
003701  000640                          if (cmd[2] == -1)
003702  000641                              if (cs)
003703  000642                                  serout(NAK) ;
003704  000643                                  cs := 0 ;
003705  000644                              else
003706  000645                                  cmd[cmdi-1] := 0 ;                     // terminate it
003707  000646                                  PrintStrings(cmd[1], &cmd[3], 1) ;
003708  000647                                  serout(ACK) ;
003709  000648                              endif
003710  000649                              cmdi := 0 ;
003711  000650                          else
003712  000651                              cmd[2]-- ;          // dec length
003713  000652                          endif
003714  000653                      endif
003715  000654                  else if (   (cmd[0] == READ_OBJ)
003716  000655                           && (cmdi == 4)         )
003717  000656                      if (cs)
003718  000657                          serout(NAK) ;
003719  000658                          cs := 0 ;
003720  000659                      else
003721  000660                          ReadObject(cmd[1], cmd[2]) ;
003722  000661                      endif
003723  000662                      cmdi := 0 ;
003724  000663                  else if (   (cmd[0] == WRITE_OBJ)    // 6 byte write command (gen option)
003725  000664                           && (cmdi == 6)          )
003726  000665                      if (cs)
003727  000666                          serout(NAK) ;
003728  000667                          cs := 0 ;
003729  000668                      else
003730  000669                          WriteObject(cmd[1], cmd[2], cmd[3] << 8 + cmd[4]) ;
003731  000670                          serout(ACK) ;
003732  000671                      endif
003733  000672                      cmdi := 0 ;
003734  000673                  else if (   (cmd[0] == WRITE_CONTRAST)
003735  000674                           && (cmdi == 3)         )
003736  000675                      if (cs)
003737  000676                          serout(NAK) ;
003738  000677                          cs := 0 ;
003739  000678                      else
003740  000679                          gfx_Contrast(cmd[1]) ;
003741  000680                          serout(ACK) ;
003742  000681                      endif
003743  000682                      cmdi := 0 ;
003744  000683                  else if (cmdi == 6)    // we have 6 bytes and we've gotten here -> something wrong
003745  000684                      serout(NAK) ;
003746  000685                      cs := 0 ;
003747  000686                      cmdi := 0 ;
003748  000687                  endif
003749  000688              endif   // not unicode string
003750  000689          endif   // a character is available
003751  000690        
003752  000691      // touch code processing
003753  000692        
003754  000693          state := touch_Get(TOUCH_STATUS);               // get touchscreen status
003755  000694          n := img_Touched(hndl,-1) ;
003756  000695          if ((state == TOUCH_PRESSED) || (state == TOUCH_RELEASED) || (state == TOUCH_MOVING))
003757  000696              if ((state != TOUCH_RELEASED) && (n != oldn) && (oldn != -1)) 
003758  000697                  state := TOUCH_RELEASED ;       // simulate release if we move off object
003759  000698              endif
003760  000699              if (state != TOUCH_RELEASED)        // if not released
003761  000700                  if (oldn != -1) 
003762  000701                      n := oldn ;
003763  000702                  else 
003764  000703                      oldn := n ;
003765  000704                      state := TOUCH_PRESSED ;
003766  000705                  endif
003767  000706                  x  := touch_Get(TOUCH_GETX);
003768  000707                  y  := touch_Get(TOUCH_GETY);
003769  000708                  TState := IPD_DOWN ;
003770  000709              else
003771  000710                  n := oldn ;                     // simulate release of what we touched
003772  000711                  oldn := -1 ;                    // prevent double release
003773  000712                  TState := IPD_RELEASE ;
003774  000713              endif
003775  000714              if (n != -1)
003776  000715                  // if touch released then find a keyboard down, if one then release it
003777  000716                  if ((state == TOUCH_RELEASED) && (actKB != -1))
003778  000717                      kbUp(oKeyboards[actKB+1], dKeyboard[actKB]) ;
003779  000718                      actKB := -1 ;
003780  000719                  else
003781  000720                      i := 0 ;
003782  000721                      while ((i < oKeyboards[0]) && ((n <= oKeyboards[i+1]) || (n > oKeyboards[i+1] + *(dKeyboard[i]+KbButtons))))
003783  000722                          i++ ;
003784  000723                      wend
003785  000724                      if (i < oKeyboards[0])
003786  000725                          if (state == TOUCH_PRESSED)
003787  000726                              actKB := i ;
003788  000727                              kbDown(oKeyboards[actKB+1], dKeyboard[actKB], kKeyboardKeystrokes[actKB], n-oKeyboards[actKB+1]) ;
003789  000728                          endif
003790  000729                      else
003791  000730                          input := IPControls[n] + IPData;
003792  000731                          inputtype := *(input) ;
003793  000732                          gosub (inputtype), (cDipswitch, cKnob, cRockerswitch, cRotaryswitch, cSlider, cTrackbar, cWinbutton) ;
003794  000733                      endif
003795  000734                  endif
003796  000735        
003797  000736              endif
003798  000737          endif
003799  000738   //       if ((n != -1) && (oldn == -1)) oldn := n ;    // save what we touched in case we move off it
003800  000739        
003801  000740          sys_EventsResume() ;
003802  000741      forever
003803  000742        
003804  000743  cDipswitch:
003805  000744      if (*(input+IPD_P1))
003806  000745          i := (x - *(input+IPD_P2)) / *(input+IPD_P3) ;
003807  000746      else
003808  000747          i := (y - *(input+IPD_P2)) / *(input+IPD_P3) ;
003809  000748      endif
003810  000749      if (i > *(input+IPD_P4)) i := *(input+IPD_P4) ;
003811  000750      object := oDipSwitchs + *(input+IPD_OBJVidx) ;
003812  000751  endret:
003813  000752      UpdateObjects(i) ;
003814  000753  endsub ;
003815  000754        
003816  000755  cKnob:
003817  000756      i := XYposToDegree(x-*(input+IPD_P1),      // x - CentreX
003818  000757                         y-*(input+IPD_P2)) ;    // y - centreY
003819  000758      if (i < *(input+IPD_P3))                   // anything in the first 'dead zone' is minvalue
003820  000759          i := 0 ;
003821  000760      else
003822  000761          if (i > *(input+IPD_P4))               // anything in the last 'dead zone' is maxvalue
003823  000762              i := *(input+IPD_P5) ;
003824  000763          else
003825  000764              i -= *(input+IPD_P3) ;             // offset by -baseangle
003826  000765          endif
003827  000766      endif
003828  000767  //  i := i * *(input+IPD_P6) / *(input+IPD_P5) ;   // convert degrees to position
003829  000768      i := TMul(i, IPD_P6, IPD_P7) ;   // convert degrees to position
003830  000769      object := oKnobs + *(input+IPD_OBJVidx) ;
003831  000770      goto endret ;
003832  000771  //    UpdateObjects(i) ;
003833  000772  //endsub ;
003834  000773        
003835  000774  cRockerswitch:
003836  000775      object := oRockerSwitchs + *(input+IPD_OBJVidx) ;
003837  000776      if (*(input+IPD_P4))
003838  000777          i := img_GetWord(hndl, *(object), IMAGE_INDEX) ;
003839  000778          if (state == TOUCH_RELEASED)           // this must only be done on a 'release'
003840  000779              i := !i & 1 ;                      // just toggle for clickrect = whole
003841  000780          endif
003842  000781      else
003843  000782          if (*(input+IPD_P1))
003844  000783              i := (y - *(input+IPD_P2)) / *(input+IPD_P3) ;         // (DipRockerOrient - top_left) / (height_width / 2)
003845  000784          else
003846  000785              i := (x - *(input+IPD_P2)) / *(input+IPD_P3) ;         // (DipRockerOrient - top_left) / (height_width / 2)
003847  000786          endif
003848  000787          if  (!*(input+IPD_P5))
003849  000788              i := !i & 1 ;        // toggle rockerPos, on top or left orientation
003850  000789          endif
003851  000790      endif
003852  000791      UpdateObjects(i) ;
003853  000792  endsub ;
003854  000793        
003855  000794  cRotaryswitch:
003856  000795      i := XYposToDegree(x-*(input+IPD_P1),      // x - CentreX
003857  000796                         y-*(input+IPD_P2)) ;    // y - centreY
003858  000797      if (i < *(input+IPD_P3))                   // anything in the first 'dead zone' is minvalue
003859  000798          i := 0 ;
003860  000799      else
003861  000800          if (i > *(input+IPD_P4))               // anything in the last 'dead zone' is maxvalue
003862  000801              i := *(input+IPD_P4)-*(input+IPD_P3) ;
003863  000802          else
003864  000803             i -= *(input+IPD_P5) ;              // offset by -switchanglestart and half a division
003865  000804          endif
003866  000805      endif
003867  000806      i := i * *(input+IPD_P6)  / (*(input+IPD_P4)-*(input+IPD_P3)) ;        // convert degrees to position
003868  000807      object := oRotarySwitchs + *(input+IPD_OBJVidx) ;
003869  000808      UpdateObjects(i) ;
003870  000809  endsub ;
003871  000810        
003872  000811  cSlider:
003873  000812  cTrackbar:
003874  000813      if (*(input+IPD_P1))
003875  000814          i := x - *(input+IPD_P2) ;
003876  000815          if (i < 0)
003877  000816              i := 0 ;
003878  000817          else if (i > *(input+IPD_P3))        // height/width - 17)
003879  000818              i := *(input+IPD_P4) ;           // maxvalue-minvalue
003880  000819          else
003881  000820  //            i := *(input+IPD_P4) * i / *(input+IPD_P3) ;    // max-min - (max-min) * posn / (height-17)
003882  000821              i := TMul(i, IPD_P4, IPD_P5) ;    // max-min - (max-min) * posn / (height-17)
003883  000822          endif
003884  000823      else
003885  000824          i := y - *(input+IPD_P2) ;
003886  000825          if (i < 0)
003887  000826              i := *(input+IPD_P4) ;           // maxvalue-minvalue
003888  000827          else if (i > *(input+IPD_P3))        // height/width - 17)
003889  000828              i := 0 ;
003890  000829          else
003891  000830  //            i := *(input+IPD_P4) - *(input+IPD_P4) * i / *(input+IPD_P3) ;    // max-min - (max-min) * posn / (height-17)
003892  000831              i := *(input+IPD_P4) - TMul(i, IPD_P4, IPD_P5) ;    // max-min - (max-min) * posn / (height-17)
003893  000832          endif
003894  000833      endif
003895  000834      if (inputtype == tGSlider)
003896  000835          object := oGSliders ;
003897  000836      else
003898  000837          object := oTrackbars ;
003899  000838      endif
003900  000839      object += *(input+IPD_OBJVidx) ;
003901  000840      UpdateObjects(i) ;
003902  000841  endsub ;
003903  000842        
003904  000843  cWinbutton:
003905  000844      object := oWinButtons + *(input+IPD_OBJVidx) ;
003906  000845      if (*(input+IPD_P1))                                 // momentary, reports 0, but should report 1
003907  000846          if (state == TOUCH_RELEASED)
003908  000847              i := 0 ;
003909  000848              TState == IPD_DOWN ;
003910  000849          else
003911  000850              i := 1 ;
003912  000851              TState == IPD_RELEASE ;
003913  000852          endif
003914  000853      else if (*(input+IPD_P2) == -1)                      // Toggle, reports 0+2, but should report 0+1
003915  000854          i := img_GetWord(hndl, *(object), IMAGE_INDEX) ; // current state
003916  000855          if (state == TOUCH_RELEASED)                     // only truly change on release
003917  000856              i := ++i & 3 ;
003918  000857          else
003919  000858              i |= 1 ;                                      // make down regardless of current state
003920  000859          endif
003921  000860      else                        // group action, up all other buttons on touch press, reports 0 for button down
003922  000861          if (state == TOUCH_PRESSED)                     // only truly change on release
003923  000862              TurnOffButtons(*(input+IPD_P2)) ;
003924  000863          endif
003925  000864      i := 2 ;
003926  000865      endif
003927  000866        
003928  000867      UpdateObjects(i) ;
003929  000868  endsub ;
003930  000869        
003931  000870  endfunc


Symbol Table:
name                 decimal    hex
_1F                                  -40  0xffffffd8 (PmmC func) args[0] r=0  (not used)
__MAXMEM                           14400  0x00003840 (const dword)  (usage 1)
__MAXPROG                          14400  0x00003840 (const dword)  (usage 1)
__PLATFORM                             1  0x00000001 (const dword)  (not used)
ABS                                  -13  0xfffffff3 (PmmC func) args[1] r=1  (usage 6)
ACK                                    6  0x00000006 (const dword)  (usage 12)
ActivateForm                        3421  0x00000d5d (User func) args[1] r=0  (usage 9)
actKB                                 70  0x00000046 (mem) word (global)  (usage 33)
ALICEBLUE                          63455  0x0000f7df (const dword)  (not used)
ALL                                65535  0x0000ffff (const dword)  (not used)
ANTIQUEWHITE                       65370  0x0000ff5a (const dword)  (not used)
APPEND                                 0  0x00000000 (const dword)  (not used)
AQUA                                2047  0x000007ff (const dword)  (not used)
AQUAMARINE                         32762  0x00007ffa (const dword)  (not used)
arctan                                 7  0x00000007arctan                                 7  0x00000007 (mem) byte[101] (member of C:\Users\Ben\Desktop\Visi\RockerSwitch.4DWork\RockerSwitch.4DGenieS)  (usage 3)
AUDIO_ENABLE                           7  0x00000007 (const dword)  (not used)
AZURE                              63487  0x0000f7ff (const dword)  (not used)
BACKGROUND_COLOUR                     17  0x00000011 (const dword)  (usage 3)
BACKLITE                               6  0x00000006 (const dword)  (not used)
BAUD_110                               0  0x00000000 (const dword)  (not used)
BAUD_115200                           13  0x0000000d (const dword)  (not used)
BAUD_1200                              3  0x00000003 (const dword)  (not used)
BAUD_128000                           14  0x0000000e (const dword)  (not used)
BAUD_14400                             7  0x00000007 (const dword)  (not used)
BAUD_19200                             8  0x00000008 (const dword)  (not used)
BAUD_2400                              4  0x00000004 (const dword)  (not used)
BAUD_256000                           15  0x0000000f (const dword)  (not used)
BAUD_300                               1  0x00000001 (const dword)  (not used)
BAUD_300000                           16  0x00000010 (const dword)  (not used)
BAUD_31250                             9  0x00000009 (const dword)  (not used)
BAUD_375000                           17  0x00000011 (const dword)  (not used)
BAUD_38400                            10  0x0000000a (const dword)  (not used)
BAUD_4800                              5  0x00000005 (const dword)  (not used)
BAUD_500000                           18  0x00000012 (const dword)  (not used)
BAUD_56000                            11  0x0000000b (const dword)  (not used)
BAUD_57600                            12  0x0000000c (const dword)  (not used)
BAUD_600                               2  0x00000002 (const dword)  (not used)
BAUD_600000                           19  0x00000013 (const dword)  (not used)
BAUD_9600                              6  0x00000006 (const dword)  (usage 3)
BEIGE                              63419  0x0000f7bb (const dword)  (not used)
BEVEL_SHADOW                          29  0x0000001d (const dword)  (not used)
BEVEL_WIDTH                           28  0x0000001c (const dword)  (not used)
BGIMAGE                               32  0x00000020 (const dword)  (usage 6)
BIN                                    2  0x00000002 (const dword)  (not used)
BIN1                                 258  0x00000102 (const dword)  (not used)
BIN10                               2562  0x00000a02 (const dword)  (not used)
BIN10Z                              6658  0x00001a02 (const dword)  (not used)
BIN10ZB                            10754  0x00002a02 (const dword)  (not used)
BIN11                               2818  0x00000b02 (const dword)  (not used)
BIN11Z                              6914  0x00001b02 (const dword)  (not used)
BIN11ZB                            11010  0x00002b02 (const dword)  (not used)
BIN12                               3074  0x00000c02 (const dword)  (not used)
BIN12Z                              7170  0x00001c02 (const dword)  (not used)
BIN12ZB                            11266  0x00002c02 (const dword)  (not used)
BIN13                               3330  0x00000d02 (const dword)  (not used)
BIN13Z                              7426  0x00001d02 (const dword)  (not used)
BIN13ZB                            11522  0x00002d02 (const dword)  (not used)
BIN14                               3586  0x00000e02 (const dword)  (not used)
BIN14Z                              7682  0x00001e02 (const dword)  (not used)
BIN14ZB                            11778  0x00002e02 (const dword)  (not used)
BIN15                               3842  0x00000f02 (const dword)  (not used)
BIN15Z                              7938  0x00001f02 (const dword)  (not used)
BIN15ZB                            12034  0x00002f02 (const dword)  (not used)
BIN16                                  2  0x00000002 (const dword)  (not used)
BIN16Z                              4098  0x00001002 (const dword)  (not used)
BIN16ZB                             8194  0x00002002 (const dword)  (not used)
BIN1Z                               4354  0x00001102 (const dword)  (not used)
BIN1ZB                              8450  0x00002102 (const dword)  (not used)
BIN2                                 514  0x00000202 (const dword)  (not used)
BIN2Z                               4610  0x00001202 (const dword)  (not used)
BIN2ZB                              8706  0x00002202 (const dword)  (not used)
BIN3                                 770  0x00000302 (const dword)  (not used)
BIN3Z                               4866  0x00001302 (const dword)  (not used)
BIN3ZB                              8962  0x00002302 (const dword)  (not used)
BIN4                                1026  0x00000402 (const dword)  (not used)
BIN4Z                               5122  0x00001402 (const dword)  (not used)
BIN4ZB                              9218  0x00002402 (const dword)  (not used)
BIN5                                1282  0x00000502 (const dword)  (not used)
BIN5Z                               5378  0x00001502 (const dword)  (not used)
BIN5ZB                              9474  0x00002502 (const dword)  (not used)
BIN6                                1538  0x00000602 (const dword)  (not used)
BIN6Z                               5634  0x00001602 (const dword)  (not used)
BIN6ZB                              9730  0x00002602 (const dword)  (not used)
BIN7                                1794  0x00000702 (const dword)  (not used)
BIN7Z                               5890  0x00001702 (const dword)  (not used)
BIN7ZB                              9986  0x00002702 (const dword)  (not used)
BIN8                                2050  0x00000802 (const dword)  (not used)
BIN8Z                               6146  0x00001802 (const dword)  (not used)
BIN8ZB                             10242  0x00002802 (const dword)  (not used)
BIN9                                2306  0x00000902 (const dword)  (not used)
BIN9Z                               6402  0x00001902 (const dword)  (not used)
BIN9ZB                             10498  0x00002902 (const dword)  (not used)
BINZ                                4098  0x00001002 (const dword)  (not used)
BINZB                               8194  0x00002002 (const dword)  (not used)
BISQUE                             65336  0x0000ff38 (const dword)  (not used)
BLACK                                  0  0x00000000 (const dword)  (not used)
BLANCHEDALMOND                     65369  0x0000ff59 (const dword)  (not used)
BLUE                                  31  0x0000001f (const dword)  (not used)
BLUEVIOLET                         35164  0x0000895c (const dword)  (not used)
BOLD                                  16  0x00000010 (const dword)  (not used)
BOTTOM_POS                             5  0x00000005 (const dword)  (not used)
BROWN                              41285  0x0000a145 (const dword)  (not used)
BURLYWOOD                          56784  0x0000ddd0 (const dword)  (not used)
BUS_0                                  8  0x00000008 (const dword)  (not used)
BUS_1                                  9  0x00000009 (const dword)  (not used)
BUS_2                                 10  0x0000000a (const dword)  (not used)
BUS_3                                 11  0x0000000b (const dword)  (not used)
BUS_4                                 12  0x0000000c (const dword)  (not used)
BUS_5                                 13  0x0000000d (const dword)  (not used)
BUS_6                                 14  0x0000000e (const dword)  (not used)
BUS_7                                 15  0x0000000f (const dword)  (not used)
bus_In                               -45  0xffffffd3 (PmmC func) args[0] r=1  (not used)
bus_Out                              -46  0xffffffd2 (PmmC func) args[1] r=0  (not used)
BUS_RD_PIN                             4  0x00000004 (const dword)  (not used)
bus_Read                             -49  0xffffffcf (PmmC func) args[0] r=1  (not used)
bus_Set                              -47  0xffffffd1 (PmmC func) args[1] r=0  (not used)
BUS_WR_PIN                             5  0x00000005 (const dword)  (not used)
bus_Write                            -48  0xffffffd0 (PmmC func) args[1] r=0  (not used)
BUTTON_DOWN                            0  0x00000000 (const dword)  (not used)
BUTTON_UP                              1  0x00000001 (const dword)  (not used)
ByteSwap                            -215  0xffffff29 (PmmC func) args[1] r=1  (not used)
C:\Users\Ben\Desktop\Visi\RockerSwitch.4DWork\RockerSwitch.4DGenieS    2709  0x00000a95 (const ??? 0)  (not used)
CADETBLUE                          23796  0x00005cf4 (const dword)  (not used)
cDipswitch                        UNRESOLVED  (not used)
charheight                          -159  0xffffff61 (PmmC func) args[1] r=1  (not used)
CHARTREUSE                         32736  0x00007fe0 (const dword)  (not used)
charwidth                           -158  0xffffff62 (PmmC func) args[1] r=1  (not used)
CHOCOLATE                          54083  0x0000d343 (const dword)  (not used)
CHR                                  129  0x00000081 (const dword)  (not used)
CKMODE_0                               0  0x00000000 (const dword)  (not used)
CKMODE_1                               1  0x00000001 (const dword)  (not used)
CKMODE_2                               2  0x00000002 (const dword)  (not used)
CKMODE_3                               3  0x00000003 (const dword)  (not used)
cKnob                             UNRESOLVED  (not used)
CLIPPING                              19  0x00000013 (const dword)  (not used)
cmd                                  160  0x000000a0 (mem) word[80] (global)  (usage 78)
CMDLenMAX                             80  0x00000050 (const dword)  (usage 9)
COLOUR16                               0  0x00000000 (const dword)  (not used)
COLOUR8                                1  0x00000001 (const dword)  (not used)
COLOUR_MODE                           27  0x0000001b (const dword)  (not used)
COLUMN_ADDRESS_END1                    5  0x00000005 (const dword)  (not used)
COLUMN_ADDRESS_END2                    4  0x00000004 (const dword)  (not used)
COLUMN_ADDRESS_START1                  3  0x00000003 (const dword)  (not used)
COLUMN_ADDRESS_START2                  2  0x00000002 (const dword)  (not used)
COM0                               63492  0x0000f804 (const dword)  (not used)
COM1                               63496  0x0000f808 (const dword)  (not used)
com1_Count                          -132  0xffffff7c (PmmC func) args[0] r=1  (not used)
com1_Error                          -134  0xffffff7a (PmmC func) args[0] r=1  (not used)
com1_Full                           -133  0xffffff7b (PmmC func) args[0] r=1  (not used)
com1_Init                           -130  0xffffff7e (PmmC func) args[3] r=0  (not used)
com1_Reset                          -131  0xffffff7d (PmmC func) args[0] r=0  (not used)
com1_Sync                           -135  0xffffff79 (PmmC func) args[0] r=1  (not used)
com1_TXbuffer                       -136  0xffffff78 (PmmC func) args[3] r=0  (not used)
com1_TXbufferHold                   -139  0xffffff75 (PmmC func) args[1] r=1  (not used)
com1_TXcount                        -137  0xffffff77 (PmmC func) args[0] r=1  (not used)
com1_TXemptyEvent                   -138  0xffffff76 (PmmC func) args[1] r=1  (not used)
com_Count                           -122  0xffffff86 (PmmC func) args[0] r=1  (usage 3)
com_Error                           -124  0xffffff84 (PmmC func) args[0] r=1  (not used)
com_Full                            -123  0xffffff85 (PmmC func) args[0] r=1  (not used)
com_Init                            -120  0xffffff88 (PmmC func) args[3] r=0  (usage 3)
com_Reset                           -121  0xffffff87 (PmmC func) args[0] r=0  (not used)
com_SetBaud                         -142  0xffffff72 (PmmC func) args[2] r=1  (not used)
com_Sync                            -125  0xffffff83 (PmmC func) args[0] r=1  (not used)
com_TXbuffer                        -126  0xffffff82 (PmmC func) args[3] r=0  (usage 3)
com_TXbufferHold                    -129  0xffffff7f (PmmC func) args[1] r=1  (not used)
com_TXcount                         -127  0xffffff81 (PmmC func) args[0] r=1  (not used)
com_TXemptyEvent                    -128  0xffffff80 (PmmC func) args[1] r=1  (not used)
comRX                                 80  0x00000050 (mem) word[40] (global)  (usage 3)
CONTRAST                              25  0x00000019 (const dword)  (not used)
CORAL                              64490  0x0000fbea (const dword)  (not used)
CORNFLOWERBLUE                     25789  0x000064bd (const dword)  (not used)
CORNSILK                           65499  0x0000ffdb (const dword)  (not used)
COS                                  -18  0xffffffee (PmmC func) args[1] r=1  (not used)
CRIMSON                            55463  0x0000d8a7 (const dword)  (not used)
cRockerswitch                     UNRESOLVED  (not used)
cRotaryswitch                     UNRESOLVED  (not used)
cs                                   320  0x00000140 (mem) word (global)  (usage 42)
cSlider                           UNRESOLVED  (not used)
cTrackbar                         UNRESOLVED  (not used)
curform                               64  0x00000040 (mem) word (global)  (usage 39)
cWinbutton                        UNRESOLVED  (not used)
CY                                  -285  0xfffffee3 (PmmC func) args[0] r=1  (not used)
CYAN                                2047  0x000007ff (const dword)  (not used)
CYCLE_CONTROL_1                       58  0x0000003a (const dword)  (not used)
CYCLE_CONTROL_2                       59  0x0000003b (const dword)  (not used)
CYCLE_CONTROL_3                       60  0x0000003c (const dword)  (not used)
CYCLE_CONTROL_4                       61  0x0000003d (const dword)  (not used)
CYCLE_CONTROL_5                       62  0x0000003e (const dword)  (not used)
CYCLE_CONTROL_6                       64  0x00000040 (const dword)  (not used)
DARKBLUE                              17  0x00000011 (const dword)  (not used)
DARKCYAN                            1105  0x00000451 (const dword)  (not used)
DARKGOLDENROD                      48161  0x0000bc21 (const dword)  (not used)
DARKGRAY                           44373  0x0000ad55 (const dword)  (not used)
DARKGREEN                            800  0x00000320 (const dword)  (not used)
DARKKHAKI                          48557  0x0000bdad (const dword)  (not used)
DARKMAGENTA                        34833  0x00008811 (const dword)  (not used)
DARKOLIVEGREEN                     21317  0x00005345 (const dword)  (not used)
DARKORANGE                         64608  0x0000fc60 (const dword)  (not used)
DARKORCHID                         39321  0x00009999 (const dword)  (not used)
DARKRED                            34816  0x00008800 (const dword)  (not used)
DARKSALMON                         60591  0x0000ecaf (const dword)  (not used)
DARKSEAGREEN                       36337  0x00008df1 (const dword)  (not used)
DARKSLATEBLUE                      18929  0x000049f1 (const dword)  (not used)
DARKSLATEGRAY                      10857  0x00002a69 (const dword)  (not used)
DARKTURQUOISE                       1658  0x0000067a (const dword)  (not used)
DARKVIOLET                         36890  0x0000901a (const dword)  (not used)
DEC                                 1290  0x0000050a (const dword)  (not used)
DEC1                                 266  0x0000010a (const dword)  (not used)
DEC1Z                               4362  0x0000110a (const dword)  (not used)
DEC1ZB                              8458  0x0000210a (const dword)  (not used)
DEC2                                 522  0x0000020a (const dword)  (not used)
DEC2Z                               4618  0x0000120a (const dword)  (not used)
DEC2ZB                              8714  0x0000220a (const dword)  (not used)
DEC3                                 778  0x0000030a (const dword)  (not used)
DEC3Z                               4874  0x0000130a (const dword)  (not used)
DEC3ZB                              8970  0x0000230a (const dword)  (not used)
DEC4                                1034  0x0000040a (const dword)  (not used)
DEC4Z                               5130  0x0000140a (const dword)  (not used)
DEC4ZB                              9226  0x0000240a (const dword)  (not used)
DEC5                                1290  0x0000050a (const dword)  (not used)
DEC5Z                               5386  0x0000150a (const dword)  (not used)
DEC5ZB                              9482  0x0000250a (const dword)  (not used)
DECZ                                5386  0x0000150a (const dword)  (not used)
DECZB                               9482  0x0000250a (const dword)  (not used)
DEEPPINK                           63666  0x0000f8b2 (const dword)  (not used)
DEEPSKYBLUE                         1535  0x000005ff (const dword)  (not used)
DIMGRAY                            27469  0x00006b4d (const dword)  (not used)
DISABLE                                0  0x00000000 (const dword)  (not used)
disk                                   0  0x00000000 (mem) word (global)  (usage 6)
DISK_BUF                              15  0x0000000f (const dword)  (not used)
DISK_DATA_HI                           7  0x00000007 (const dword)  (not used)
DISK_DATA_LO                           6  0x00000006 (const dword)  (not used)
DISK_FAT_HI                            3  0x00000003 (const dword)  (not used)
DISK_FAT_LO                            2  0x00000002 (const dword)  (not used)
DISK_FATCOPIES                        12  0x0000000c (const dword)  (not used)
DISK_FATSIZE                          11  0x0000000b (const dword)  (not used)
DISK_FIRST_SECT_HI                     1  0x00000001 (const dword)  (not used)
DISK_FIRST_SECT_LO                     0  0x00000000 (const dword)  (not used)
DISK_MAXCLUS_HI                        9  0x00000009 (const dword)  (not used)
DISK_MAXCLUS_LO                        8  0x00000008 (const dword)  (not used)
DISK_MAXROOT                          10  0x0000000a (const dword)  (not used)
DISK_ROOT_HI                           5  0x00000005 (const dword)  (not used)
DISK_ROOT_LO                           4  0x00000004 (const dword)  (not used)
DISK_SECT_PER_CLUS                    13  0x0000000d (const dword)  (not used)
DISK_TYPE                             14  0x0000000e (const dword)  (not used)
disp_Init                           -143  0xffffff71 (PmmC func) args[0] r=0  (not used)
disp_ReadWord                       -149  0xffffff6b (PmmC func) args[0] r=1  (not used)
disp_setGRAM                        -145  0xffffff6f (PmmC func) args[4] r=0  (not used)
disp_SetReg                         -144  0xffffff70 (PmmC func) args[2] r=0  (not used)
disp_Sync                           -284  0xfffffee4 (PmmC func) args[1] r=0  (not used)
disp_WrGRAM                         -146  0xffffff6e (PmmC func) args[1] r=0  (not used)
disp_WriteControl                   -147  0xffffff6d (PmmC func) args[1] r=0  (not used)
disp_WriteWord                      -148  0xffffff6c (PmmC func) args[1] r=0  (not used)
DISPLAY_CONTROL_1                     38  0x00000026 (const dword)  (not used)
DISPLAY_CONTROL_10                    54  0x00000036 (const dword)  (not used)
DISPLAY_CONTROL_14                    65  0x00000041 (const dword)  (not used)
DISPLAY_CONTROL_2                     39  0x00000027 (const dword)  (not used)
DISPLAY_CONTROL_3                     40  0x00000028 (const dword)  (not used)
DISPLAY_CONTROL_4                     41  0x00000029 (const dword)  (not used)
DISPLAY_CONTROL_5                     42  0x0000002a (const dword)  (not used)
DISPLAY_CONTROL_6                     44  0x0000002c (const dword)  (not used)
DISPLAY_CONTROL_7                     45  0x0000002d (const dword)  (not used)
DISPLAY_CONTROL_8                    144  0x00000090 (const dword)  (not used)
DISPLAY_CONTROL_9                     53  0x00000035 (const dword)  (not used)
DISPLAY_MODE_CONTROL                   1  0x00000001 (const dword)  (not used)
dKeyboard                             10  0x0000000a (mem) word[1] (global)  (usage 12)
DODGERBLUE                          7327  0x00001c9f (const dword)  (not used)
DoGFXObjects                        2838  0x00000b16 (User func) args[0] r=0  (usage 6)
DOWN                                   0  0x00000000 (const dword)  (not used)
DSK                                63490  0x0000f802 (const dword)  (not used)
ENABLE                                 1  0x00000001 (const dword)  (not used)
EVE_SP                              -282  0xfffffee6 (PmmC func) args[0] r=1  (not used)
EVE_SSIZE                           -283  0xfffffee5 (PmmC func) args[0] r=1  (not used)
FE_CANNOT_INIT                        15  0x0000000f (const dword)  (not used)
FE_CANNOT_READ_MBR                    16  0x00000010 (const dword)  (not used)
FE_DIR_FULL                           12  0x0000000c (const dword)  (not used)
FE_DISK_FULL                          13  0x0000000d (const dword)  (not used)
FE_DISK_NOT_MNTD                       6  0x00000006 (const dword)  (not used)
FE_EOF                                10  0x0000000a (const dword)  (not used)
FE_FAT_EOF                             9  0x00000009 (const dword)  (not used)
FE_FILE_NOT_FOUND                      7  0x00000007 (const dword)  (not used)
FE_FILE_OVERWRITE                     14  0x0000000e (const dword)  (not used)
FE_FIND_ERROR                         19  0x00000013 (const dword)  (not used)
FE_IDE_ERROR                           1  0x00000001 (const dword)  (not used)
FE_INVALID_BR                          5  0x00000005 (const dword)  (not used)
FE_INVALID_CLUSTER                    11  0x0000000b (const dword)  (not used)
FE_INVALID_FILE                        8  0x00000008 (const dword)  (not used)
FE_INVALID_FNAME                      20  0x00000014 (const dword)  (not used)
FE_INVALID_MBR                         4  0x00000004 (const dword)  (not used)
FE_INVALID_MEDIA                      21  0x00000015 (const dword)  (not used)
FE_INVALID_MODE                       18  0x00000012 (const dword)  (not used)
FE_MALLOC_FAILED                      17  0x00000011 (const dword)  (not used)
FE_NOT_PRESENT                         2  0x00000002 (const dword)  (not used)
FE_OK                                  0  0x00000000 (const dword)  (not used)
FE_PARTITION_TYPE                      3  0x00000003 (const dword)  (not used)
FE_SECTOR_READ_FAIL                   22  0x00000016 (const dword)  (not used)
FE_SECTOR_WRITE_FAIL                  23  0x00000017 (const dword)  (not used)
FILE_ATTRIBUTES                       18  0x00000012 (const dword)  (not used)
FILE_BUFFER                           22  0x00000016 (const dword)  (not used)
file_Close                          -232  0xffffff18 (PmmC func) args[1] r=1  (not used)
file_Count                          -226  0xffffff1e (PmmC func) args[1] r=1  (not used)
FILE_CURR_CLUSTER                      1  0x00000001 (const dword)  (not used)
FILE_CURR_SECTOR                       2  0x00000002 (const dword)  (not used)
FILE_CURR_SECTOR_POS                   3  0x00000003 (const dword)  (not used)
FILE_CURR_SECTOR_TOP                   4  0x00000004 (const dword)  (not used)
FILE_DATE                             10  0x0000000a (const dword)  (not used)
file_Dir                            -227  0xffffff1d (PmmC func) args[1] r=1  (not used)
FILE_DISK                             21  0x00000015 (const dword)  (not used)
FILE_ENTRY                            20  0x00000014 (const dword)  (not used)
file_Erase                          -247  0xffffff09 (PmmC func) args[1] r=1  (not used)
file_Error                          -225  0xffffff1f (PmmC func) args[0] r=1  (not used)
file_Exec                           -251  0xffffff05 (PmmC func) args[2] r=1  (not used)
file_Exists                         -230  0xffffff1a (PmmC func) args[1] r=1  (not used)
file_FindFirst                      -228  0xffffff1c (PmmC func) args[1] r=1  (not used)
file_FindNext                       -229  0xffffff1b (PmmC func) args[0] r=1  (not used)
FILE_FIRST_CLUSTER                     0  0x00000000 (const dword)  (not used)
file_GetC                           -242  0xffffff0e (PmmC func) args[1] r=1  (usage 3)
file_GetS                           -246  0xffffff0a (PmmC func) args[3] r=1  (not used)
file_GetW                           -244  0xffffff0c (PmmC func) args[1] r=1  (usage 3)
file_Image                          -239  0xffffff11 (PmmC func) args[3] r=1  (not used)
file_Index                          -235  0xffffff15 (PmmC func) args[4] r=1  (not used)
file_LoadFunction                   -249  0xffffff07 (PmmC func) args[1] r=1  (not used)
file_LoadImageControl               -252  0xffffff04 (PmmC func) args[3] r=1  (usage 3)
FILE_MODE                             17  0x00000011 (const dword)  (not used)
file_Mount                          -253  0xffffff03 (PmmC func) args[0] r=1  (usage 6)
FILE_NAME                             11  0x0000000b (const dword)  (not used)
file_Open                           -231  0xffffff19 (PmmC func) args[2] r=1  (usage 3)
FILE_PAGEFLAG                         19  0x00000013 (const dword)  (not used)
file_PlayWAV                        -255  0xffffff01 (PmmC func) args[1] r=1  (usage 3)
file_PutC                           -241  0xffffff0f (PmmC func) args[2] r=1  (not used)
file_PutS                           -245  0xffffff0b (PmmC func) args[2] r=1  (not used)
file_PutW                           -243  0xffffff0d (PmmC func) args[2] r=1  (not used)
file_Read                           -233  0xffffff17 (PmmC func) args[3] r=1  (not used)
file_Rewind                         -248  0xffffff08 (PmmC func) args[1] r=1  (not used)
file_Run                            -250  0xffffff06 (PmmC func) args[2] r=1  (not used)
file_ScreenCapture                  -240  0xffffff10 (PmmC func) args[5] r=1  (not used)
file_Seek                           -234  0xffffff16 (PmmC func) args[3] r=1  (usage 3)
FILE_SEEK_POS_HI                       6  0x00000006 (const dword)  (not used)
FILE_SEEK_POS_LO                       5  0x00000005 (const dword)  (not used)
file_Size                           -238  0xffffff12 (PmmC func) args[3] r=1  (not used)
FILE_SIZE_HI                           8  0x00000008 (const dword)  (not used)
FILE_SIZE_LO                           7  0x00000007 (const dword)  (not used)
file_Tell                           -236  0xffffff14 (PmmC func) args[3] r=1  (not used)
FILE_TIME                              9  0x00000009 (const dword)  (not used)
file_Unmount                        -254  0xffffff02 (PmmC func) args[0] r=0  (not used)
file_Write                          -237  0xffffff13 (PmmC func) args[3] r=1  (not used)
FIREBRICK                          45316  0x0000b104 (const dword)  (not used)
flash_BlockErase                    -157  0xffffff63 (PmmC func) args[1] r=1  (not used)
flash_BulkErase                     -156  0xffffff64 (PmmC func) args[0] r=0  (not used)
flash_ID                            -155  0xffffff65 (PmmC func) args[0] r=1  (not used)
flash_SIG                           -154  0xffffff66 (PmmC func) args[0] r=1  (not used)
FLORALWHITE                        65502  0x0000ffde (const dword)  (not used)
FONT1                                  0  0x00000000 (const dword)  (not used)
FONT2                                  1  0x00000001 (const dword)  (not used)
FONT3                                  2  0x00000002 (const dword)  (not used)
FONT_ID                                2  0x00000002 (const dword)  (not used)
FONT_SIZE                              2  0x00000002 (const dword)  (not used)
FORESTGREEN                         9284  0x00002444 (const dword)  (not used)
formBGcol                            258  0x00000102formBGcol                            258  0x00000102 (mem) word[1] (member of C:\Users\Ben\Desktop\Visi\RockerSwitch.4DWork\RockerSwitch.4DGenieS)  (usage 8)
formBGcol                         UNRESOLVED  (usage 4)
formenidx                            110  0x0000006eformenidx                            110  0x0000006e (mem) word[1] (member of C:\Users\Ben\Desktop\Visi\RockerSwitch.4DWork\RockerSwitch.4DGenieS)  (usage 6)
formstidx                            108  0x0000006cformstidx                            108  0x0000006c (mem) word[1] (member of C:\Users\Ben\Desktop\Visi\RockerSwitch.4DWork\RockerSwitch.4DGenieS)  (usage 7)
formstidx                         UNRESOLVED  (usage 2)
FRAME_DELAY                           22  0x00000016 (const dword)  (not used)
fTimers                               12  0x0000000c (mem) word[1] (global)  (usage 3)
FUCHSIA                            63519  0x0000f81f (const dword)  (not used)
GAINSBORO                          57083  0x0000defb (const dword)  (not used)
GAMMA_CONTROL_1                       70  0x00000046 (const dword)  (not used)
GAMMA_CONTROL_10                      79  0x0000004f (const dword)  (not used)
GAMMA_CONTROL_11                      80  0x00000050 (const dword)  (not used)
GAMMA_CONTROL_12                      81  0x00000051 (const dword)  (not used)
GAMMA_CONTROL_2                       71  0x00000047 (const dword)  (not used)
GAMMA_CONTROL_3                       72  0x00000048 (const dword)  (not used)
GAMMA_CONTROL_4                       73  0x00000049 (const dword)  (not used)
GAMMA_CONTROL_5                       74  0x0000004a (const dword)  (not used)
GAMMA_CONTROL_6                       75  0x0000004b (const dword)  (not used)
GAMMA_CONTROL_7                       76  0x0000004c (const dword)  (not used)
GAMMA_CONTROL_8                       77  0x0000004d (const dword)  (not used)
GAMMA_CONTROL_9                       78  0x0000004e (const dword)  (not used)
GFX                                63489  0x0000f801 (const dword)  (not used)
gfx_332to565                         -85  0xffffffab (PmmC func) args[1] r=1  (not used)
gfx_BevelShadow                     -104  0xffffff98 (PmmC func) args[1] r=1  (not used)
gfx_BevelWidth                      -103  0xffffff99 (PmmC func) args[1] r=1  (not used)
gfx_BGcolour                         -92  0xffffffa4 (PmmC func) args[1] r=1  (not used)
GFX_BOTTOM                            51  0x00000033 (const dword)  (not used)
gfx_BoxTo                            -74  0xffffffb6 (PmmC func) args[2] r=0  (not used)
gfx_Bullet                           -71  0xffffffb9 (PmmC func) args[1] r=0  (not used)
gfx_Button                           -80  0xffffffb0 (PmmC func) args[9] r=0  (not used)
GFX_BUTTON_BACKGROUND                 64  0x00000040 (const dword)  (not used)
GFX_BUTTON_FOREGROUND                 63  0x0000003f (const dword)  (not used)
GFX_BUTTON_MODE                       65  0x00000041 (const dword)  (not used)
gfx_ChangeColour                     -76  0xffffffb4 (PmmC func) args[2] r=0  (not used)
gfx_Circle                           -61  0xffffffc3 (PmmC func) args[4] r=0  (not used)
gfx_CircleFilled                     -62  0xffffffc2 (PmmC func) args[4] r=0  (not used)
GFX_CLIP_BOTTOM                      114  0x00000072 (const dword)  (not used)
GFX_CLIP_BOTTOM_VAL                  110  0x0000006e (const dword)  (not used)
GFX_CLIP_LEFT                        111  0x0000006f (const dword)  (not used)
GFX_CLIP_LEFT_VAL                    107  0x0000006b (const dword)  (not used)
GFX_CLIP_RIGHT                       113  0x00000071 (const dword)  (not used)
GFX_CLIP_RIGHT_VAL                   109  0x0000006d (const dword)  (not used)
GFX_CLIP_TOP                         112  0x00000070 (const dword)  (not used)
GFX_CLIP_TOP_VAL                     108  0x0000006c (const dword)  (not used)
gfx_Clipping                         -94  0xffffffa2 (PmmC func) args[1] r=0  (usage 6)
gfx_ClipWindow                       -75  0xffffffb5 (PmmC func) args[4] r=0  (usage 3)
gfx_Cls                              -51  0xffffffcd (PmmC func) args[0] r=0  (usage 6)
gfx_ColourMode                      -102  0xffffff9a (PmmC func) args[1] r=1  (not used)
gfx_Contrast                        -100  0xffffff9c (PmmC func) args[1] r=1  (usage 3)
gfx_Dot                              -70  0xffffffba (PmmC func) args[0] r=0  (not used)
gfx_Ellipse                          -78  0xffffffb2 (PmmC func) args[5] r=0  (not used)
gfx_EllipseFilled                    -79  0xffffffb1 (PmmC func) args[5] r=0  (not used)
gfx_FrameDelay                       -97  0xffffff9f (PmmC func) args[1] r=1  (not used)
gfx_Get                              -90  0xffffffa6 (PmmC func) args[1] r=1  (not used)
gfx_GetPixel                         -64  0xffffffc0 (PmmC func) args[2] r=1  (not used)
GFX_HILIGHT_BACKGROUND                61  0x0000003d (const dword)  (not used)
GFX_HILIGHT_FOREGROUND                62  0x0000003e (const dword)  (not used)
GFX_HILITE_LINE                       58  0x0000003a (const dword)  (not used)
gfx_Hline                            -57  0xffffffc7 (PmmC func) args[4] r=1  (not used)
gfx_IncX                             -72  0xffffffb8 (PmmC func) args[0] r=1  (not used)
gfx_IncY                             -73  0xffffffb7 (PmmC func) args[0] r=1  (not used)
GFX_LAST_CHAR_HEIGHT                 120  0x00000078 (const dword)  (not used)
GFX_LAST_CHAR_WIDTH                  119  0x00000077 (const dword)  (not used)
GFX_LAST_SELECTION                    60  0x0000003c (const dword)  (not used)
GFX_LAST_STR_HEIGHT                  122  0x0000007a (const dword)  (not used)
GFX_LAST_STR_WIDTH                   121  0x00000079 (const dword)  (not used)
GFX_LEFT                              48  0x00000030 (const dword)  (not used)
GFX_LEFT_GUTTER_WIDTH                 68  0x00000044 (const dword)  (not used)
gfx_Line                             -56  0xffffffc8 (PmmC func) args[5] r=0  (not used)
GFX_LINE_COUNT                        59  0x0000003b (const dword)  (not used)
gfx_LinePattern                     -101  0xffffff9b (PmmC func) args[1] r=1  (not used)
gfx_LineRel                          -55  0xffffffc9 (PmmC func) args[2] r=0  (not used)
gfx_LineTo                           -54  0xffffffca (PmmC func) args[2] r=0  (not used)
gfx_MoveRel                          -53  0xffffffcb (PmmC func) args[2] r=0  (not used)
gfx_MoveTo                           -52  0xffffffcc (PmmC func) args[2] r=0  (usage 3)
gfx_ObjectColour                     -93  0xffffffa3 (PmmC func) args[1] r=1  (not used)
gfx_Orbit                            -67  0xffffffbd (PmmC func) args[2] r=0  (not used)
gfx_OrbitInit                        -66  0xffffffbe (PmmC func) args[2] r=0  (not used)
gfx_Origin                           -89  0xffffffa7 (PmmC func) args[2] r=0  (not used)
gfx_OutlineColour                    -99  0xffffff9d (PmmC func) args[1] r=1  (not used)
gfx_Panel                            -81  0xffffffaf (PmmC func) args[6] r=0  (not used)
gfx_PenSize                          -91  0xffffffa5 (PmmC func) args[1] r=1  (not used)
GFX_PIXEL_SHIFT                       70  0x00000046 (const dword)  (not used)
gfx_Polygon                          -69  0xffffffbb (PmmC func) args[4] r=0  (not used)
gfx_PolygonFilled                    -88  0xffffffa8 (PmmC func) args[4] r=0  (not used)
gfx_Polyline                         -68  0xffffffbc (PmmC func) args[4] r=0  (not used)
gfx_PutPixel                         -63  0xffffffc1 (PmmC func) args[3] r=0  (not used)
GFX_RECT_X1                           71  0x00000047 (const dword)  (not used)
GFX_RECT_X2                           73  0x00000049 (const dword)  (not used)
GFX_RECT_Y1                           72  0x00000048 (const dword)  (not used)
GFX_RECT_Y2                           74  0x0000004a (const dword)  (not used)
gfx_Rectangle                        -59  0xffffffc5 (PmmC func) args[5] r=0  (not used)
gfx_RectangleFilled                  -60  0xffffffc4 (PmmC func) args[5] r=0  (usage 6)
gfx_RGBto565                         -84  0xffffffac (PmmC func) args[3] r=1  (not used)
GFX_RIGHT                             50  0x00000032 (const dword)  (not used)
GFX_RIGHT_GUTTER_WIDTH                69  0x00000045 (const dword)  (not used)
gfx_ScreenCopyPaste                  -83  0xffffffad (PmmC func) args[6] r=0  (not used)
gfx_ScreenMode                       -98  0xffffff9e (PmmC func) args[1] r=1  (usage 3)
gfx_Selection                        -86  0xffffffaa (PmmC func) args[3] r=0  (not used)
gfx_Set                              -50  0xffffffce (PmmC func) args[2] r=0  (usage 3)
gfx_SetClipRegion                    -77  0xffffffb3 (PmmC func) args[0] r=0  (not used)
gfx_Slider                           -82  0xffffffae (PmmC func) args[8] r=1  (not used)
GFX_STATUSBAR_HEIGHT                  67  0x00000043 (const dword)  (not used)
GFX_THUMB_BORDER_DARK                 76  0x0000004c (const dword)  (not used)
GFX_THUMB_BORDER_LIGHT                77  0x0000004d (const dword)  (not used)
GFX_THUMB_PERCENT                     75  0x0000004b (const dword)  (not used)
GFX_TOOLBAR_HEIGHT                    66  0x00000042 (const dword)  (not used)
GFX_TOP                               49  0x00000031 (const dword)  (not used)
GFX_TOUCH_REGION_X1                  103  0x00000067 (const dword)  (not used)
GFX_TOUCH_REGION_X2                  105  0x00000069 (const dword)  (not used)
GFX_TOUCH_REGION_Y1                  104  0x00000068 (const dword)  (not used)
GFX_TOUCH_REGION_Y2                  106  0x0000006a (const dword)  (not used)
gfx_Transparency                     -96  0xffffffa0 (PmmC func) args[1] r=1  (not used)
gfx_TransparentColour                -95  0xffffffa1 (PmmC func) args[1] r=1  (not used)
gfx_Triangle                         -65  0xffffffbf (PmmC func) args[7] r=0  (not used)
gfx_TriangleFilled                   -87  0xffffffa9 (PmmC func) args[7] r=0  (not used)
gfx_Vline                            -58  0xffffffc6 (PmmC func) args[4] r=1  (not used)
GFX_X1                                52  0x00000034 (const dword)  (not used)
GFX_X2                                54  0x00000036 (const dword)  (not used)
GFX_X_ORG                             56  0x00000038 (const dword)  (not used)
GFX_XMAX                              46  0x0000002e (const dword)  (not used)
gfx_Xorigin                         -105  0xffffff97 (PmmC func) args[1] r=1  (not used)
GFX_Y1                                53  0x00000035 (const dword)  (not used)
GFX_Y2                                55  0x00000037 (const dword)  (not used)
GFX_Y_ORG                             57  0x00000039 (const dword)  (not used)
GFX_YMAX                              47  0x0000002f (const dword)  (not used)
gfx_Yorigin                         -106  0xffffff96 (PmmC func) args[1] r=1  (not used)
GHOSTWHITE                         65503  0x0000ffdf (const dword)  (not used)
GOLD                               65184  0x0000fea0 (const dword)  (not used)
GOLDENROD                          56612  0x0000dd24 (const dword)  (not used)
GRAM_PIXEL_COUNT_HI                  116  0x00000074 (const dword)  (not used)
GRAM_PIXEL_COUNT_LO                  115  0x00000073 (const dword)  (not used)
GRAY                               33808  0x00008410 (const dword)  (not used)
GREEN                               1024  0x00000400 (const dword)  (not used)
GREENYELLOW                        45029  0x0000afe5 (const dword)  (not used)
HEX                                 5136  0x00001410 (const dword)  (not used)
HEX1                                4368  0x00001110 (const dword)  (not used)
HEX1Z                                272  0x00000110 (const dword)  (not used)
HEX1ZB                              8464  0x00002110 (const dword)  (not used)
HEX2                                4624  0x00001210 (const dword)  (not used)
HEX2Z                                528  0x00000210 (const dword)  (not used)
HEX2ZB                              8720  0x00002210 (const dword)  (not used)
HEX3                                4880  0x00001310 (const dword)  (not used)
HEX3Z                                784  0x00000310 (const dword)  (not used)
HEX3ZB                              8976  0x00002310 (const dword)  (not used)
HEX4                                5136  0x00001410 (const dword)  (not used)
HEX4Z                               1040  0x00000410 (const dword)  (not used)
HEX4ZB                              9232  0x00002410 (const dword)  (not used)
HEXZ                                1040  0x00000410 (const dword)  (not used)
HEXZB                               9232  0x00002410 (const dword)  (not used)
hFonts                                 4  0x00000004 (mem) word[1] (global)  (usage 3)
HI                                     1  0x00000001 (const dword)  (not used)
HIbyte                              -214  0xffffff2a (PmmC func) args[1] r=1  (not used)
HIDE                                   2  0x00000002 (const dword)  (not used)
hndl                                   2  0x00000002 (mem) word (global)  (usage 117)
HONEYDEW                           63486  0x0000f7fe (const dword)  (not used)
HOTPINK                            64342  0x0000fb56 (const dword)  (not used)
hstrings                              62  0x0000003e (mem) word (global)  (usage 12)
I2C                                63520  0x0000f820 (const dword)  (not used)
I2C_Ack                             -169  0xffffff57 (PmmC func) args[0] r=0  (not used)
I2C_AckPoll                         -172  0xffffff54 (PmmC func) args[1] r=1  (not used)
I2C_AckStatus                       -171  0xffffff55 (PmmC func) args[0] r=0  (not used)
I2C_Close                           -163  0xffffff5d (PmmC func) args[0] r=0  (not used)
I2C_FAST                               2  0x00000002 (const dword)  (not used)
I2C_Getn                            -175  0xffffff51 (PmmC func) args[2] r=1  (not used)
I2C_Gets                            -174  0xffffff52 (PmmC func) args[2] r=1  (not used)
I2C_Idle                            -173  0xffffff53 (PmmC func) args[0] r=0  (not used)
I2C_MED                                1  0x00000001 (const dword)  (not used)
I2C_Nack                            -170  0xffffff56 (PmmC func) args[0] r=0  (not used)
I2C_Open                            -162  0xffffff5e (PmmC func) args[1] r=0  (not used)
I2C_Putn                            -177  0xffffff4f (PmmC func) args[2] r=1  (not used)
I2C_Puts                            -176  0xffffff50 (PmmC func) args[1] r=1  (not used)
I2C_Read                            -167  0xffffff59 (PmmC func) args[0] r=1  (not used)
I2C_Restart                         -166  0xffffff5a (PmmC func) args[0] r=1  (not used)
I2C_SLOW                               0  0x00000000 (const dword)  (not used)
I2C_Start                           -164  0xffffff5c (PmmC func) args[0] r=1  (not used)
I2C_Stop                            -165  0xffffff5b (PmmC func) args[0] r=1  (not used)
I2C_Write                           -168  0xffffff58 (PmmC func) args[1] r=1  (not used)
I_COLOUR16                            16  0x00000010 (const dword)  (not used)
I_DARKEN                           16384  0x00004000 (const dword)  (not used)
I_ENABLED                          32768  0x00008000 (const dword)  (usage 6)
I_LIGHTEN                           8192  0x00002000 (const dword)  (not used)
I_MOVIE                              128  0x00000080 (const dword)  (not used)
I_NOGROUP                             64  0x00000040 (const dword)  (not used)
I_STAYONTOP                          256  0x00000100 (const dword)  (usage 3)
I_TOPMOST                            512  0x00000200 (const dword)  (not used)
I_TOUCH_DISABLE                       32  0x00000020 (const dword)  (usage 6)
I_TOUCHED                           4096  0x00001000 (const dword)  (not used)
I_X_LOCK                            1024  0x00000400 (const dword)  (not used)
I_Y_LOCK                            2048  0x00000800 (const dword)  (not used)
iDigits                                2  0x00000002 (const dword)  (usage 9)
iLeadingBlanks                         8  0x00000008 (const dword)  (usage 3)
ileft                                  0  0x00000000 (const dword)  (usage 3)
IMAGE_CLUSTER                         10  0x0000000a (const dword)  (not used)
IMAGE_DELAY                            7  0x00000007 (const dword)  (not used)
IMAGE_FLAGS                            6  0x00000006 (const dword)  (usage 3)
IMAGE_FRAMES                           8  0x00000008 (const dword)  (not used)
IMAGE_HEIGHT                           5  0x00000005 (const dword)  (not used)
IMAGE_HIWORD                           1  0x00000001 (const dword)  (not used)
IMAGE_INDEX                            9  0x00000009 (const dword)  (usage 45)
IMAGE_LOWORD                           0  0x00000000 (const dword)  (not used)
IMAGE_SECTOR                          11  0x0000000b (const dword)  (not used)
IMAGE_TAG                             12  0x0000000c (const dword)  (usage 12)
IMAGE_TAG2                            13  0x0000000d (const dword)  (usage 12)
IMAGE_WIDTH                            4  0x00000004 (const dword)  (not used)
IMAGE_XPOS                             2  0x00000002 (const dword)  (usage 3)
IMAGE_YPOS                             3  0x00000003 (const dword)  (not used)
img_ClearAttributes                 -187  0xffffff45 (PmmC func) args[3] r=1  (usage 3)
IMG_COUNT                              0  0x00000000 (const dword)  (not used)
IMG_CURRENT_FRAME                     89  0x00000059 (const dword)  (not used)
img_Darken                          -181  0xffffff4b (PmmC func) args[2] r=1  (not used)
IMG_DAT_FILENAME                       4  0x00000004 (const dword)  (not used)
img_Disable                         -180  0xffffff4c (PmmC func) args[2] r=1  (usage 6)
img_Enable                          -179  0xffffff4d (PmmC func) args[2] r=1  (not used)
IMG_ENTRYLEN                           1  0x00000001 (const dword)  (not used)
IMG_FLAGS                             85  0x00000055 (const dword)  (not used)
IMG_FRAME_COUNT                       86  0x00000056 (const dword)  (not used)
IMG_FRAME_DELAY                       84  0x00000054 (const dword)  (not used)
IMG_GCI_FILENAME                       3  0x00000003 (const dword)  (not used)
IMG_GCIFILE_HANDLE                     5  0x00000005 (const dword)  (not used)
img_GetWord                         -184  0xffffff48 (PmmC func) args[3] r=1  (usage 45)
IMG_HEIGHT                            83  0x00000053 (const dword)  (not used)
img_Lighten                         -182  0xffffff4a (PmmC func) args[2] r=1  (not used)
IMG_MODE                               2  0x00000002 (const dword)  (not used)
IMG_PIXEL_COUNT_HI                    88  0x00000058 (const dword)  (not used)
IMG_PIXEL_COUNT_LO                    87  0x00000057 (const dword)  (not used)
img_SetAttributes                   -186  0xffffff46 (PmmC func) args[3] r=1  (usage 6)
img_SetPosition                     -178  0xffffff4e (PmmC func) args[4] r=1  (not used)
img_SetWord                         -183  0xffffff49 (PmmC func) args[4] r=1  (usage 30)
img_Show                            -185  0xffffff47 (PmmC func) args[2] r=1  (usage 21)
img_Touched                         -188  0xffffff44 (PmmC func) args[2] r=1  (usage 3)
IMG_WIDTH                             82  0x00000052 (const dword)  (not used)
iMinDigits                             4  0x00000004 (const dword)  (usage 3)
INDIANRED                          51947  0x0000caeb (const dword)  (not used)
INDIGO                             18448  0x00004810 (const dword)  (not used)
input                                 76  0x0000004c (mem) word (global)  (usage 159)
INPUT                                  1  0x00000001 (const dword)  (not used)
inputtype                             72  0x00000048 (mem) word (global)  (usage 18)
INVERSE                               64  0x00000040 (const dword)  (not used)
IO1_PIN                                1  0x00000001 (const dword)  (not used)
IO2_PIN                                2  0x00000002 (const dword)  (not used)
IO3_PIN                                3  0x00000003 (const dword)  (not used)
IO4_PIN                                4  0x00000004 (const dword)  (not used)
IO5_PIN                                5  0x00000005 (const dword)  (not used)
IPControls                           112  0x00000070IPControls                           112  0x00000070 (mem) word[2] (member of C:\Users\Ben\Desktop\Visi\RockerSwitch.4DWork\RockerSwitch.4DGenieS)  (usage 6)
IPD_DOWN                              16  0x00000010 (const dword)  (usage 6)
IPD_OBJVidx                           20  0x00000014 (const dword)  (usage 24)
IPD_P1                                 2  0x00000002 (const dword)  (usage 24)
IPD_P2                                 4  0x00000004 (const dword)  (usage 90)
IPD_P3                                 6  0x00000006 (const dword)  (usage 42)
IPD_P4                                 8  0x00000008 (const dword)  (usage 39)
IPD_P5                                10  0x0000000a (const dword)  (usage 15)
IPD_P6                                12  0x0000000c (const dword)  (usage 6)
IPD_P7                                14  0x0000000e (const dword)  (usage 3)
IPD_RELEASE                           18  0x00000012 (const dword)  (usage 9)
IPData                               116  0x00000074IPData                               116  0x00000074 (mem) word[44] (member of C:\Users\Ben\Desktop\Visi\RockerSwitch.4DWork\RockerSwitch.4DGenieS)  (usage 21)
IPDatasize                            22  0x00000016 (const dword)  (usage 3)
iRockerswitch0                         0  0x00000000 (const ??? 0)  (usage 3)
iRockerswitch1                         1  0x00000001 (const ??? 0)  (usage 3)
isalnum                             -207  0xffffff31 (PmmC func) args[1] r=1  (not used)
isalpha                             -206  0xffffff32 (PmmC func) args[1] r=1  (not used)
isdigit                             -202  0xffffff36 (PmmC func) args[1] r=1  (not used)
islower                             -205  0xffffff33 (PmmC func) args[1] r=1  (not used)
iSounds                                6  0x00000006 (mem) word[1] (global)  (usage 3)
isprint                             -208  0xffffff30 (PmmC func) args[1] r=1  (not used)
isspace                             -209  0xffffff2f (PmmC func) args[1] r=1  (not used)
isupper                             -204  0xffffff34 (PmmC func) args[1] r=1  (not used)
iswhite                             -210  0xffffff2e (PmmC func) args[1] r=1  (not used)
isxdigit                            -203  0xffffff35 (PmmC func) args[1] r=1  (not used)
ITALIC                                32  0x00000020 (const dword)  (not used)
iterator                            -198  0xffffff3a (PmmC func) args[1] r=0  (not used)
IVORY                              65534  0x0000fffe (const dword)  (not used)
iWidthDigit                            6  0x00000006 (const dword)  (usage 3)
KbButtons                             10  0x0000000a (const ??? 0)  (usage 12)
KbCaps                                 4  0x00000004 (const ??? 0)  (usage 12)
KbCapsBit                              2  0x00000002 (const dword)  (usage 12)
KbCtrl1                                7  0x00000007 (const ??? 0)  (usage 12)
KbCtrl2                                8  0x00000008 (const ??? 0)  (usage 12)
KbCtrlBit                              4  0x00000004 (const dword)  (usage 21)
kbDown                              5099  0x000013eb (User func) args[4] r=0  (usage 3)
KbDown                                 0  0x00000000 (const ??? 0)  (usage 9)
KbIgn                                  3  0x00000003 (const ??? 0)  (usage 18)
KbLock                                 9  0x00000009 (const ??? 0)  (usage 6)
KbMvt                                  1  0x00000001 (const ??? 0)  (usage 18)
KbShift1                               5  0x00000005 (const ??? 0)  (usage 6)
KbShift2                               6  0x00000006 (const ??? 0)  (usage 6)
KbShiftBit                             1  0x00000001 (const dword)  (usage 18)
KbShiftCaps                           11  0x0000000b (const ??? 0)  (usage 3)
KbShiftCapsBits                        3  0x00000003 (const dword)  (usage 18)
KbState                                2  0x00000002 (const ??? 0)  (usage 63)
kbUp                                4932  0x00001344 (User func) args[2] r=0  (usage 3)
KHAKI                              63281  0x0000f731 (const dword)  (not used)
kKeyboardKeystrokes                  260  0x00000104kKeyboardKeystrokes                  260  0x00000104 (mem) word[1] (member of C:\Users\Ben\Desktop\Visi\RockerSwitch.4DWork\RockerSwitch.4DGenieS)  (usage 3)
LANDSCAPE                              0  0x00000000 (const dword)  (not used)
LANDSCAPE_R                            1  0x00000001 (const dword)  (not used)
LAVENDER                           59199  0x0000e73f (const dword)  (not used)
LAVENDERBLUSH                      65438  0x0000ff9e (const dword)  (not used)
LAWNGREEN                          32736  0x00007fe0 (const dword)  (not used)
ledDigitsDisplay                    3787  0x00000ecb (User func) args[3] r=0  (usage 12)
LEFT_POS                               2  0x00000002 (const dword)  (not used)
LEMONCHIFFON                       65497  0x0000ffd9 (const dword)  (not used)
LIGHTBLUE                          44764  0x0000aedc (const dword)  (not used)
LIGHTCORAL                         62480  0x0000f410 (const dword)  (not used)
LIGHTCYAN                          59391  0x0000e7ff (const dword)  (not used)
LIGHTGOLD                          65498  0x0000ffda (const dword)  (not used)
LIGHTGREEN                         38770  0x00009772 (const dword)  (not used)
LIGHTGREY                          54938  0x0000d69a (const dword)  (not used)
LIGHTPINK                          64952  0x0000fdb8 (const dword)  (not used)
LIGHTSALMON                        64783  0x0000fd0f (const dword)  (not used)
LIGHTSEAGREEN                       9621  0x00002595 (const dword)  (not used)
LIGHTSKYBLUE                       34431  0x0000867f (const dword)  (not used)
LIGHTSLATEGRAY                     29779  0x00007453 (const dword)  (not used)
LIGHTSTEELBLUE                     46651  0x0000b63b (const dword)  (not used)
LIGHTYELLOW                        65532  0x0000fffc (const dword)  (not used)
LIME                                2016  0x000007e0 (const dword)  (not used)
LIMEGREEN                          13926  0x00003666 (const dword)  (not used)
LINE_PATTERN                          26  0x0000001a (const dword)  (not used)
LINEN                              65436  0x0000ff9c (const dword)  (not used)
LO                                     0  0x00000000 (const dword)  (not used)
LObyte                              -213  0xffffff2b (PmmC func) args[1] r=1  (not used)
LPCOARSE                           61680  0x0000f0f0 (const dword)  (not used)
LPDASHDOT                            975  0x000003cf (const dword)  (not used)
LPDASHDOTDOT                         819  0x00000333 (const dword)  (not used)
LPFINE                             43690  0x0000aaaa (const dword)  (not used)
LPMEDIUM                           13107  0x00003333 (const dword)  (not used)
LPSOLID                                0  0x00000000 (const dword)  (not used)
MAGENTA                            63519  0x0000f81f (const dword)  (not used)
main                                 354  0x00000162 (User func) args[0] r=0  (not used)
MAROON                             32768  0x00008000 (const dword)  (not used)
MAX                                  -15  0xfffffff1 (PmmC func) args[2] r=1  (not used)
MaxTotObjects                         23  0x00000017 (const dword)  (usage 3)
MaxVisObjects                         21  0x00000015 (const dword)  (usage 3)
MDA                                63552  0x0000f840 (const dword)  (not used)
MEDIA_ADDRESS_HI                      91  0x0000005b (const dword)  (not used)
MEDIA_ADDRESS_LO                      90  0x0000005a (const dword)  (not used)
media_Flush                         -118  0xffffff8a (PmmC func) args[0] r=1  (not used)
media_Image                         -117  0xffffff8b (PmmC func) args[2] r=0  (not used)
media_Init                          -119  0xffffff89 (PmmC func) args[0] r=1  (not used)
media_RdSector                      -111  0xffffff91 (PmmC func) args[1] r=1  (not used)
media_ReadByte                      -113  0xffffff8f (PmmC func) args[0] r=1  (not used)
media_ReadWord                      -114  0xffffff8e (PmmC func) args[0] r=1  (not used)
MEDIA_SECTOR_COUNT                    94  0x0000005e (const dword)  (not used)
MEDIA_SECTOR_HI                       93  0x0000005d (const dword)  (not used)
MEDIA_SECTOR_LO                       92  0x0000005c (const dword)  (not used)
media_SetAdd                        -109  0xffffff93 (PmmC func) args[2] r=0  (not used)
media_SetSector                     -110  0xffffff92 (PmmC func) args[2] r=0  (not used)
media_Video                         -107  0xffffff95 (PmmC func) args[2] r=0  (not used)
media_VideoFrame                    -108  0xffffff94 (PmmC func) args[3] r=0  (not used)
media_WriteByte                     -115  0xffffff8d (PmmC func) args[1] r=1  (not used)
media_WriteWord                     -116  0xffffff8c (PmmC func) args[1] r=1  (not used)
media_WrSector                      -112  0xffffff90 (PmmC func) args[1] r=1  (not used)
MEDIUMAQUAMARINE                   26229  0x00006675 (const dword)  (not used)
MEDIUMBLUE                            25  0x00000019 (const dword)  (not used)
MEDIUMORCHID                       47802  0x0000baba (const dword)  (not used)
MEDIUMPURPLE                       37787  0x0000939b (const dword)  (not used)
MEDIUMSEAGREEN                     15758  0x00003d8e (const dword)  (not used)
MEDIUMSLATEBLUE                    31581  0x00007b5d (const dword)  (not used)
MEDIUMSPRINGGREEN                   2003  0x000007d3 (const dword)  (not used)
MEDIUMTURQUOISE                    20121  0x00004e99 (const dword)  (not used)
MEDIUMVIOLETRED                    49328  0x0000c0b0 (const dword)  (not used)
mem_Alloc                           -216  0xffffff28 (PmmC func) args[1] r=1  (not used)
mem_AllocV                          -217  0xffffff27 (PmmC func) args[1] r=1  (not used)
mem_AllocZ                          -218  0xffffff26 (PmmC func) args[1] r=1  (not used)
mem_Compare                         -224  0xffffff20 (PmmC func) args[3] r=1  (not used)
mem_Copy                            -223  0xffffff21 (PmmC func) args[3] r=1  (not used)
mem_Free                            -220  0xffffff24 (PmmC func) args[1] r=1  (not used)
mem_Heap                            -221  0xffffff23 (PmmC func) args[0] r=1  (not used)
mem_Realloc                         -219  0xffffff25 (PmmC func) args[2] r=1  (not used)
mem_Set                             -222  0xffffff22 (PmmC func) args[3] r=1  (not used)
MEMORY_ACCESS_CONTROL                 22  0x00000016 (const dword)  (not used)
MIDI                                   9  0x00000009 (const dword)  (not used)
MIDNIGHTBLUE                        6350  0x000018ce (const dword)  (not used)
MIN                                  -14  0xfffffff2 (PmmC func) args[2] r=1  (not used)
MINTCREAM                          63487  0x0000f7ff (const dword)  (not used)
MISTYROSE                          65340  0x0000ff3c (const dword)  (not used)
MOCCASIN                           65334  0x0000ff36 (const dword)  (not used)
NAK                                   21  0x00000015 (const dword)  (usage 24)
NAVAJOWHITE                        65269  0x0000fef5 (const dword)  (not used)
NAVY                                  16  0x00000010 (const dword)  (not used)
nInputs                                4  0x00000004 (const dword)  (usage 3)
nObjects                               2  0x00000002 (const dword)  (not used)
NOTOUCH                                0  0x00000000 (const dword)  (not used)
oAngularmeters                       222  0x000000deoAngularmeters                       222  0x000000de (mem) word[1] (member of C:\Users\Ben\Desktop\Visi\RockerSwitch.4DWork\RockerSwitch.4DGenieS)  (usage 3)
object                                78  0x0000004e (mem) word (global)  (usage 39)
OBJECT_COLOUR                         18  0x00000012 (const dword)  (not used)
oCoolgauges                          224  0x000000e0oCoolgauges                          224  0x000000e0 (mem) word[1] (member of C:\Users\Ben\Desktop\Visi\RockerSwitch.4DWork\RockerSwitch.4DGenieS)  (usage 3)
Ocs                                  322  0x00000142 (mem) word (global)  (usage 9)
oCustomdigitss                       226  0x000000e2oCustomdigitss                       226  0x000000e2 (mem) word[1] (member of C:\Users\Ben\Desktop\Visi\RockerSwitch.4DWork\RockerSwitch.4DGenieS)  (usage 9)
oDipSwitchs                          204  0x000000ccoDipSwitchs                          204  0x000000cc (mem) word[1] (member of C:\Users\Ben\Desktop\Visi\RockerSwitch.4DWork\RockerSwitch.4DGenieS)  (usage 6)
OFF                                    0  0x00000000 (const dword)  (usage 3)
oForms                               228  0x000000e4oForms                               228  0x000000e4 (mem) word[2] (member of C:\Users\Ben\Desktop\Visi\RockerSwitch.4DWork\RockerSwitch.4DGenieS)  (usage 3)
oGauges                              232  0x000000e8oGauges                              232  0x000000e8 (mem) word[1] (member of C:\Users\Ben\Desktop\Visi\RockerSwitch.4DWork\RockerSwitch.4DGenieS)  (usage 3)
oGSliders                            216  0x000000d8oGSliders                            216  0x000000d8 (mem) word[1] (member of C:\Users\Ben\Desktop\Visi\RockerSwitch.4DWork\RockerSwitch.4DGenieS)  (usage 6)
oImages                              234  0x000000eaoImages                              234  0x000000ea (mem) word[1] (member of C:\Users\Ben\Desktop\Visi\RockerSwitch.4DWork\RockerSwitch.4DGenieS)  (usage 3)
oKeyboards                           236  0x000000ecoKeyboards                           236  0x000000ec (mem) word[1] (member of C:\Users\Ben\Desktop\Visi\RockerSwitch.4DWork\RockerSwitch.4DGenieS)  (usage 33)
oKnobs                               206  0x000000ceoKnobs                               206  0x000000ce (mem) word[1] (member of C:\Users\Ben\Desktop\Visi\RockerSwitch.4DWork\RockerSwitch.4DGenieS)  (usage 6)
OLDLACE                            65468  0x0000ffbc (const dword)  (not used)
oLeddigitss                          240  0x000000f0oLeddigitss                          240  0x000000f0 (mem) word[1] (member of C:\Users\Ben\Desktop\Visi\RockerSwitch.4DWork\RockerSwitch.4DGenieS)  (usage 9)
oLeds                                238  0x000000eeoLeds                                238  0x000000ee (mem) word[1] (member of C:\Users\Ben\Desktop\Visi\RockerSwitch.4DWork\RockerSwitch.4DGenieS)  (usage 3)
OLIVE                              33792  0x00008400 (const dword)  (not used)
OLIVEDRAB                          27748  0x00006c64 (const dword)  (not used)
oMeters                              242  0x000000f2oMeters                              242  0x000000f2 (mem) word[1] (member of C:\Users\Ben\Desktop\Visi\RockerSwitch.4DWork\RockerSwitch.4DGenieS)  (usage 3)
ON                                     1  0x00000001 (const dword)  (usage 3)
oObjects                              14  0x0000000e (mem) word[24] (global)  (usage 81)
OPAQUE                                 1  0x00000001 (const dword)  (not used)
OPDataC                              264  0x00000108OPDataC                              264  0x00000108 (mem) word[1] (member of C:\Users\Ben\Desktop\Visi\RockerSwitch.4DWork\RockerSwitch.4DGenieS)  (usage 6)
OPDataL                              262  0x00000106OPDataL                              262  0x00000106 (mem) word[1] (member of C:\Users\Ben\Desktop\Visi\RockerSwitch.4DWork\RockerSwitch.4DGenieS)  (usage 6)
ORANGE                             64800  0x0000fd20 (const dword)  (not used)
ORANGERED                          64032  0x0000fa20 (const dword)  (not used)
ORCHID                             56218  0x0000db9a (const dword)  (not used)
oRockerSwitchs                       208  0x000000d0oRockerSwitchs                       208  0x000000d0 (mem) word[3] (member of C:\Users\Ben\Desktop\Visi\RockerSwitch.4DWork\RockerSwitch.4DGenieS)  (usage 6)
oRotarySwitchs                       214  0x000000d6oRotarySwitchs                       214  0x000000d6 (mem) word[1] (member of C:\Users\Ben\Desktop\Visi\RockerSwitch.4DWork\RockerSwitch.4DGenieS)  (usage 6)
OSC_CONTROL_1                         25  0x00000019 (const dword)  (not used)
OSC_CONTROL_3                        147  0x00000093 (const dword)  (not used)
oSoundss                             256  0x00000100oSoundss                             256  0x00000100 (mem) word[1] (member of C:\Users\Ben\Desktop\Visi\RockerSwitch.4DWork\RockerSwitch.4DGenieS)  (usage 3)
oStaticTexts                         252  0x000000fcoStaticTexts                         252  0x000000fc (mem) word[1] (member of C:\Users\Ben\Desktop\Visi\RockerSwitch.4DWork\RockerSwitch.4DGenieS)  (usage 3)
oStringss                            244  0x000000f4oStringss                            244  0x000000f4 (mem) word[1] (member of C:\Users\Ben\Desktop\Visi\RockerSwitch.4DWork\RockerSwitch.4DGenieS)  (usage 7)
oStringss                         UNRESOLVED  (usage 2)
OT_ACTIVATE                           27  0x0000001b (const dword)  (usage 3)
OT_NEXTFRAME                          28  0x0000001c (const dword)  (usage 3)
OT_NEXTSTRING                         30  0x0000001e (const dword)  (usage 3)
OT_PREVFRAME                          29  0x0000001d (const dword)  (usage 3)
OT_PREVSTRING                         31  0x0000001f (const dword)  (usage 3)
OT_REPORT                             24  0x00000018 (const dword)  (usage 9)
OT_SETANOTHER                         26  0x0000001a (const dword)  (usage 3)
OT_SETCONST                           25  0x00000019 (const dword)  (usage 3)
oThermometers                        246  0x000000f6oThermometers                        246  0x000000f6 (mem) word[1] (member of C:\Users\Ben\Desktop\Visi\RockerSwitch.4DWork\RockerSwitch.4DGenieS)  (usage 3)
oTimers                              254  0x000000feoTimers                              254  0x000000fe (mem) word[1] (member of C:\Users\Ben\Desktop\Visi\RockerSwitch.4DWork\RockerSwitch.4DGenieS)  (usage 6)
oTrackbars                           218  0x000000daoTrackbars                           218  0x000000da (mem) word[1] (member of C:\Users\Ben\Desktop\Visi\RockerSwitch.4DWork\RockerSwitch.4DGenieS)  (usage 6)
oUserleds                            248  0x000000f8oUserleds                            248  0x000000f8 (mem) word[1] (member of C:\Users\Ben\Desktop\Visi\RockerSwitch.4DWork\RockerSwitch.4DGenieS)  (usage 3)
OUTLINE                                1  0x00000001 (const dword)  (not used)
OUTLINE_COLOUR                        24  0x00000018 (const dword)  (not used)
OUTPUT                                 0  0x00000000 (const dword)  (not used)
OVF                                  -21  0xffffffeb (PmmC func) args[0] r=1  (not used)
oVideos                              250  0x000000faoVideos                              250  0x000000fa (mem) word[1] (member of C:\Users\Ben\Desktop\Visi\RockerSwitch.4DWork\RockerSwitch.4DGenieS)  (usage 3)
oWinButtons                          220  0x000000dcoWinButtons                          220  0x000000dc (mem) word[1] (member of C:\Users\Ben\Desktop\Visi\RockerSwitch.4DWork\RockerSwitch.4DGenieS)  (usage 12)
PALEGOLDENROD                      61269  0x0000ef55 (const dword)  (not used)
PALEGREEN                          40915  0x00009fd3 (const dword)  (not used)
PALETURQUOISE                      44925  0x0000af7d (const dword)  (not used)
PALEVIOLETRED                      56210  0x0000db92 (const dword)  (not used)
PANEL_HIDE                             2  0x00000002 (const dword)  (not used)
PANEL_RAISED                           1  0x00000001 (const dword)  (not used)
PANEL_SUNKEN                           0  0x00000000 (const dword)  (not used)
PAPAYAWHIP                         65402  0x0000ff7a (const dword)  (not used)
pause                                 -6  0xfffffffa (PmmC func) args[1] r=0  (usage 6)
PEACHPUFF                          65239  0x0000fed7 (const dword)  (not used)
peekW                                -11  0xfffffff5 (PmmC func) args[1] r=1  (not used)
PEN_SIZE                              16  0x00000010 (const dword)  (not used)
PERU                               52263  0x0000cc27 (const dword)  (not used)
PICASO                                 1  0x00000001 (const dword)  (usage 3)
PICASO_FUNCTIONS                       0  0x00000000 (const ??? 0)  (not used)
pin_HI                               -42  0xffffffd6 (PmmC func) args[1] r=1  (not used)
pin_LO                               -43  0xffffffd5 (PmmC func) args[1] r=1  (not used)
pin_Read                             -44  0xffffffd4 (PmmC func) args[1] r=1  (not used)
pin_Set                              -41  0xffffffd7 (PmmC func) args[2] r=1  (not used)
PINK                               65049  0x0000fe19 (const dword)  (not used)
PLUM                               56603  0x0000dd1b (const dword)  (not used)
pokeW                                -12  0xfffffff4 (PmmC func) args[2] r=0  (not used)
PORTRAIT                               2  0x00000002 (const dword)  (usage 3)
PORTRAIT_R                             3  0x00000003 (const dword)  (not used)
POWDERBLUE                         46876  0x0000b71c (const dword)  (not used)
POWER_CONTROL_1                       27  0x0000001b (const dword)  (not used)
POWER_CONTROL_2                       28  0x0000001c (const dword)  (not used)
POWER_CONTROL_3                       29  0x0000001d (const dword)  (not used)
POWER_CONTROL_4                       30  0x0000001e (const dword)  (not used)
POWER_CONTROL_5                       31  0x0000001f (const dword)  (not used)
POWER_CONTROL_6                       32  0x00000020 (const dword)  (not used)
PrintStrings                        5840  0x000016d0 (User func) args[3] r=0  (usage 9)
PROGRESSBAR_HIDE                       2  0x00000002 (const dword)  (not used)
PROGRESSBAR_RAISED                 65535  0x0000ffff (const dword)  (not used)
PROGRESSBAR_SUNKEN                 65534  0x0000fffe (const dword)  (not used)
PURPLE                             32784  0x00008010 (const dword)  (not used)
putch                                 -2  0xfffffffe (PmmC func) args[1] r=0  (usage 6)
putnum                                -7  0xfffffff9 (PmmC func) args[2] r=1  (not used)
putstr                                -9  0xfffffff7 (PmmC func) args[1] r=1  (usage 6)
RAND                                 -19  0xffffffed (PmmC func) args[0] r=1  (not used)
RANDOM_HI                             33  0x00000021 (const dword)  (not used)
RANDOM_LO                             32  0x00000020 (const dword)  (not used)
READ_OBJ                               0  0x00000000 (const dword)  (usage 3)
READ_WRITE_DATA                       34  0x00000022 (const dword)  (not used)
ReadCmd                              128  0x00000080 (const dword)  (not used)
ReadObject                          4632  0x00001218 (User func) args[2] r=0  (usage 3)
RED                                63488  0x0000f800 (const dword)  (not used)
refreshstate                        5638  0x00001606 (User func) args[2] r=0  (usage 9)
REPORT_EVENT                           7  0x00000007 (const dword)  (usage 6)
REPORT_OBJ                             5  0x00000005 (const dword)  (usage 3)
RGBINT_CONTROL_1                      56  0x00000038 (const dword)  (not used)
RIGHT_POS                              4  0x00000004 (const dword)  (not used)
ROSYBROWN                          48241  0x0000bc71 (const dword)  (not used)
ROW_ADDRESS_END1                       9  0x00000009 (const dword)  (not used)
ROW_ADDRESS_END2                       8  0x00000008 (const dword)  (not used)
ROW_ADDRESS_START1                     7  0x00000007 (const dword)  (not used)
ROW_ADDRESS_START2                     6  0x00000006 (const dword)  (not used)
ROYALBLUE                          17244  0x0000435c (const dword)  (not used)
RUNFLASH                             128  0x00000080 (const dword)  (not used)
RXMODE_0                               0  0x00000000 (const dword)  (not used)
RXMODE_1                               1  0x00000001 (const dword)  (not used)
SADDLEBROWN                        35362  0x00008a22 (const dword)  (not used)
SALMON                             64526  0x0000fc0e (const dword)  (not used)
SANDYBROWN                         62764  0x0000f52c (const dword)  (not used)
SCREEN_MODE                           23  0x00000017 (const dword)  (not used)
SEAGREEN                           11338  0x00002c4a (const dword)  (not used)
SEASHELL                           65469  0x0000ffbd (const dword)  (not used)
SEED                                 -20  0xffffffec (PmmC func) args[1] r=0  (not used)
SELECT                                 3  0x00000003 (const dword)  (not used)
SELECT_MULTIPLE                        4  0x00000004 (const dword)  (not used)
serin                                 -1  0xffffffff (PmmC func) args[0] r=1  (usage 3)
serin1                              -140  0xffffff74 (PmmC func) args[0] r=1  (not used)
serout                                -3  0xfffffffd (PmmC func) args[1] r=0  (usage 42)
serout1                             -141  0xffffff73 (PmmC func) args[1] r=0  (not used)
seroutCS                            4914  0x00001332 (User func) args[1] r=0  (usage 45)
seroutOcs                           4899  0x00001323 (User func) args[0] r=0  (usage 9)
setbaud                               -4  0xfffffffc (PmmC func) args[1] r=0  (usage 3)
setkeystate                         5074  0x000013d2 (User func) args[2] r=0  (usage 33)
SIENNA                             41605  0x0000a285 (const dword)  (not used)
SILVER                             50712  0x0000c618 (const dword)  (not used)
SIN                                  -17  0xffffffef (PmmC func) args[1] r=1  (not used)
SKYBLUE                            34429  0x0000867d (const dword)  (not used)
SLATEBLUE                          27353  0x00006ad9 (const dword)  (not used)
SLATEGRAY                          29714  0x00007412 (const dword)  (not used)
SLIDER_HIDE                            2  0x00000002 (const dword)  (not used)
SLIDER_RAISED                          1  0x00000001 (const dword)  (not used)
SLIDER_SUNKEN                          0  0x00000000 (const dword)  (not used)
snd_BufSize                         -258  0xfffffefe (PmmC func) args[1] r=0  (not used)
snd_Continue                        -261  0xfffffefb (PmmC func) args[0] r=0  (usage 3)
snd_Pause                           -260  0xfffffefc (PmmC func) args[0] r=0  (usage 3)
snd_Pitch                           -257  0xfffffeff (PmmC func) args[1] r=1  (not used)
snd_Playing                         -262  0xfffffefa (PmmC func) args[0] r=1  (usage 3)
snd_Stop                            -259  0xfffffefd (PmmC func) args[0] r=0  (usage 3)
snd_Volume                          -256  0xffffff00 (PmmC func) args[1] r=0  (usage 3)
SNOW                               65503  0x0000ffdf (const dword)  (not used)
SOLID                                  0  0x00000000 (const dword)  (not used)
Sounds                               266  0x0000010aSounds                               266  0x0000010a (mem) byte[1] (member of C:\Users\Ben\Desktop\Visi\RockerSwitch.4DWork\RockerSwitch.4DGenieS)  (not used)
spi_Disable                         -153  0xffffff67 (PmmC func) args[0] r=0  (not used)
SPI_FAST                               0  0x00000000 (const dword)  (not used)
spi_Init                            -150  0xffffff6a (PmmC func) args[3] r=0  (not used)
SPI_MED                                1  0x00000001 (const dword)  (not used)
spi_Read                            -151  0xffffff69 (PmmC func) args[0] r=1  (not used)
SPI_SLOW                               2  0x00000002 (const dword)  (not used)
spi_Write                           -152  0xffffff68 (PmmC func) args[1] r=0  (not used)
SPRINGGREEN                         2031  0x000007ef (const dword)  (not used)
SQRT                                 -22  0xffffffea (PmmC func) args[1] r=1  (not used)
STAnsi                                22  0x00000016 (const dword)  (usage 3)
STBGColor                             16  0x00000010 (const dword)  (usage 6)
STEELBLUE                          17430  0x00004416 (const dword)  (not used)
STFGColor                             14  0x0000000e (const dword)  (usage 3)
STFontAttribs                         18  0x00000012 (const dword)  (usage 3)
STForm                                24  0x00000018 (const dword)  (usage 3)
STR                                  128  0x00000080 (const dword)  (not used)
str_ByteMove                        -286  0xfffffee2 (PmmC func) args[3] r=1  (not used)
str_Cat                             -278  0xfffffeea (PmmC func) args[2] r=1  (not used)
str_CatN                            -279  0xfffffee9 (PmmC func) args[3] r=1  (not used)
str_Copy                            -287  0xfffffee1 (PmmC func) args[2] r=1  (not used)
str_CopyN                           -288  0xfffffee0 (PmmC func) args[3] r=1  (not used)
str_Find                            -274  0xfffffeee (PmmC func) args[2] r=1  (not used)
str_FindI                           -275  0xfffffeed (PmmC func) args[2] r=1  (not used)
str_GetByte                         -268  0xfffffef4 (PmmC func) args[1] r=1  (not used)
str_GetC                            -267  0xfffffef5 (PmmC func) args[2] r=1  (not used)
str_GetD                            -264  0xfffffef8 (PmmC func) args[2] r=1  (not used)
str_GetHexW                         -266  0xfffffef6 (PmmC func) args[2] r=1  (not used)
str_GetW                            -265  0xfffffef7 (PmmC func) args[2] r=1  (not used)
str_GetWord                         -269  0xfffffef3 (PmmC func) args[1] r=1  (not used)
str_Length                          -276  0xfffffeec (PmmC func) args[1] r=1  (not used)
str_Match                           -272  0xfffffef0 (PmmC func) args[2] r=1  (not used)
str_MatchI                          -273  0xfffffeef (PmmC func) args[2] r=1  (not used)
str_Printf                          -277  0xfffffeeb (PmmC func) args[2] r=1  (not used)
str_Ptr                             -263  0xfffffef9 (PmmC func) args[1] r=1  (not used)
str_PutByte                         -270  0xfffffef2 (PmmC func) args[2] r=0  (not used)
str_PutWord                         -271  0xfffffef1 (PmmC func) args[2] r=0  (not used)
strheight                           -161  0xffffff5f (PmmC func) args[0] r=1  (not used)
stringsCV                              8  0x00000008 (mem) word[1] (global)  (usage 27)
strlen                               -10  0xfffffff6 (PmmC func) args[1] r=1  (not used)
strwidth                            -160  0xffffff60 (PmmC func) args[1] r=1  (not used)
STSize                                 4  0x00000004 (const dword)  (usage 3)
STStartH                               0  0x00000000 (const dword)  (usage 3)
STStartL                               2  0x00000002 (const dword)  (usage 3)
STTransparent                         20  0x00000014 (const dword)  (usage 3)
STx1                                   6  0x00000006 (const dword)  (usage 12)
STx2                                  10  0x0000000a (const dword)  (usage 9)
STy1                                   8  0x00000008 (const dword)  (usage 12)
STy2                                  12  0x0000000c (const dword)  (usage 9)
STYLE1                                 2  0x00000002 (const dword)  (not used)
STYLE2                                 3  0x00000003 (const dword)  (not used)
SWAP                                 -16  0xfffffff0 (PmmC func) args[2] r=0  (usage 3)
sys_EventQueue                      -194  0xffffff3e (PmmC func) args[0] r=1  (not used)
sys_EventsPostpone                  -195  0xffffff3d (PmmC func) args[0] r=0  (not used)
sys_EventsResume                    -196  0xffffff3c (PmmC func) args[0] r=0  (usage 3)
sys_GetTimer                        -192  0xffffff40 (PmmC func) args[1] r=1  (usage 3)
sys_SetTimer                        -191  0xffffff41 (PmmC func) args[2] r=0  (usage 3)
sys_SetTimerEvent                   -193  0xffffff3f (PmmC func) args[2] r=1  (usage 6)
sys_Sleep                           -197  0xffffff3b (PmmC func) args[1] r=1  (not used)
sys_StoreTouchCalibration           -280  0xfffffee8 (PmmC func) args[0] r=1  (not used)
sys_T                               -189  0xffffff43 (PmmC func) args[0] r=1  (not used)
sys_T_HI                            -190  0xffffff42 (PmmC func) args[0] r=1  (not used)
SYS_X_MAX                             44  0x0000002c (const dword)  (not used)
SYS_Y_MAX                             45  0x0000002d (const dword)  (not used)
SYSTEM_TIMER_HI                       35  0x00000023 (const dword)  (not used)
SYSTEM_TIMER_LO                       34  0x00000022 (const dword)  (not used)
TAN                                54705  0x0000d5b1 (const dword)  (not used)
tAngularmeter                          7  0x00000007 (const dword)  (usage 3)
tCoolgauge                             8  0x00000008 (const dword)  (usage 3)
tCustomdigits                          9  0x00000009 (const dword)  (usage 12)
tDipSwitch                             0  0x00000000 (const dword)  (usage 3)
TEAL                                1040  0x00000410 (const dword)  (not used)
TEXT                               63489  0x0000f801 (const dword)  (not used)
TEXT_ATTRIBUTES                       13  0x0000000d (const dword)  (not used)
TEXT_BACKGROUND                        1  0x00000001 (const dword)  (not used)
TEXT_BOLD                              9  0x00000009 (const dword)  (not used)
TEXT_COLOUR                            0  0x00000000 (const dword)  (not used)
TEXT_HEIGHT                            4  0x00000004 (const dword)  (not used)
TEXT_HIGHLIGHT                         1  0x00000001 (const dword)  (not used)
TEXT_INVERSE                          11  0x0000000b (const dword)  (not used)
TEXT_ITALIC                           10  0x0000000a (const dword)  (not used)
TEXT_MARGIN                           97  0x00000061 (const dword)  (not used)
TEXT_OPACITY                           8  0x00000008 (const dword)  (not used)
TEXT_PRINTDELAY                        7  0x00000007 (const dword)  (not used)
TEXT_UNDERLINED                       12  0x0000000c (const dword)  (not used)
TEXT_WIDTH                             3  0x00000003 (const dword)  (not used)
TEXT_WRAP                             14  0x0000000e (const dword)  (not used)
TEXT_XGAP                              5  0x00000005 (const dword)  (not used)
TEXT_XPOS                             95  0x0000005f (const dword)  (not used)
TEXT_YGAP                              6  0x00000006 (const dword)  (not used)
TEXT_YPOS                             96  0x00000060 (const dword)  (not used)
tForm                                 10  0x0000000a (const dword)  (usage 12)
tGauge                                11  0x0000000b (const dword)  (usage 3)
tGSlider                               4  0x00000004 (const dword)  (usage 6)
THISTLE                            56827  0x0000ddfb (const dword)  (not used)
tImage                                12  0x0000000c (const dword)  (usage 3)
TIMER0                                 0  0x00000000 (const dword)  (not used)
TIMER1                                 1  0x00000001 (const dword)  (not used)
TIMER2                                 2  0x00000002 (const dword)  (not used)
TIMER3                                 3  0x00000003 (const dword)  (not used)
TIMER4                                 4  0x00000004 (const dword)  (not used)
TIMER5                                 5  0x00000005 (const dword)  (not used)
TIMER6                                 6  0x00000006 (const dword)  (not used)
TIMER7                                 7  0x00000007 (const dword)  (not used)
tKeyboard                             13  0x0000000d (const dword)  (usage 6)
tKnob                                  1  0x00000001 (const dword)  (usage 3)
tLed                                  14  0x0000000e (const dword)  (usage 3)
tLeddigits                            15  0x0000000f (const dword)  (usage 12)
tMeter                                16  0x00000010 (const dword)  (usage 3)
TMR0                                  36  0x00000024 (const dword)  (not used)
TMR1                                  37  0x00000025 (const dword)  (not used)
TMR2                                  38  0x00000026 (const dword)  (not used)
TMR3                                  39  0x00000027 (const dword)  (not used)
TMR4                                  40  0x00000028 (const dword)  (not used)
TMR5                                  41  0x00000029 (const dword)  (not used)
TMR6                                  42  0x0000002a (const dword)  (not used)
TMR7                                  43  0x0000002b (const dword)  (not used)
TMul                                4845  0x000012ed (User func) args[3] r=0  (usage 9)
to                                    -5  0xfffffffb (PmmC func) args[1] r=1  (not used)
tolower                             -212  0xffffff2c (PmmC func) args[1] r=1  (not used)
TOMATO                             64264  0x0000fb08 (const dword)  (not used)
TOP_POS                                3  0x00000003 (const dword)  (not used)
touch_DetectRegion                  -199  0xffffff39 (PmmC func) args[4] r=0  (not used)
TOUCH_DISABLE                          1  0x00000001 (const dword)  (not used)
TOUCH_ENABLE                           0  0x00000000 (const dword)  (usage 3)
touch_Get                           -201  0xffffff37 (PmmC func) args[1] r=1  (usage 9)
TOUCH_GETX                             1  0x00000001 (const dword)  (usage 3)
TOUCH_GETY                             2  0x00000002 (const dword)  (usage 3)
TOUCH_MOVING                           3  0x00000003 (const dword)  (usage 3)
TOUCH_PRESSED                          1  0x00000001 (const dword)  (usage 12)
TOUCH_RAW_X                          117  0x00000075 (const dword)  (not used)
TOUCH_RAW_Y                          118  0x00000076 (const dword)  (not used)
TOUCH_REGIONDEFAULT                    2  0x00000002 (const dword)  (not used)
TOUCH_RELEASED                         2  0x00000002 (const dword)  (usage 24)
touch_Set                           -200  0xffffff38 (PmmC func) args[1] r=0  (usage 3)
TOUCH_STATUS                           0  0x00000000 (const dword)  (usage 3)
TOUCH_XMAXCAL                         80  0x00000050 (const dword)  (not used)
TOUCH_XMINCAL                         78  0x0000004e (const dword)  (not used)
TOUCH_YMAXCAL                         81  0x00000051 (const dword)  (not used)
TOUCH_YMINCAL                         79  0x0000004f (const dword)  (not used)
toupper                             -211  0xffffff2d (PmmC func) args[1] r=1  (not used)
translate                             -8  0xfffffff8 (PmmC func) args[4] r=1  (not used)
TRANSPARENCY                          21  0x00000015 (const dword)  (not used)
TRANSPARENT                            0  0x00000000 (const dword)  (usage 3)
TRANSPARENT_COLOUR                    20  0x00000014 (const dword)  (not used)
tRockerSwitch                          2  0x00000002 (const dword)  (usage 9)
tRotarySwitch                          3  0x00000003 (const dword)  (usage 3)
tSounds                               22  0x00000016 (const dword)  (usage 9)
TState                                74  0x0000004a (mem) word (global)  (usage 24)
tStaticText                           21  0x00000015 (const dword)  (usage 3)
tStrings                              17  0x00000011 (const dword)  (usage 18)
tThermometer                          18  0x00000012 (const dword)  (usage 3)
tTimer                                23  0x00000017 (const dword)  (usage 9)
tTrackbar                              5  0x00000005 (const dword)  (usage 3)
TurnOffButtons                      4102  0x00001006 (User func) args[1] r=0  (usage 6)
TURQUOISE                          18202  0x0000471a (const dword)  (not used)
tUserled                              19  0x00000013 (const dword)  (usage 3)
tVideo                                20  0x00000014 (const dword)  (usage 9)
tWinButton                             6  0x00000006 (const dword)  (usage 18)
txt_Attributes                       -38  0xffffffda (PmmC func) args[1] r=1  (usage 3)
txt_BGcolour                         -26  0xffffffe6 (PmmC func) args[1] r=1  (usage 3)
txt_Bold                             -34  0xffffffde (PmmC func) args[1] r=1  (not used)
txt_Delay                            -32  0xffffffe0 (PmmC func) args[1] r=1  (not used)
txt_FGcolour                         -25  0xffffffe7 (PmmC func) args[1] r=1  (usage 3)
TXT_FONT_HEIGHT                      102  0x00000066 (const dword)  (not used)
TXT_FONT_ID                           98  0x00000062 (const dword)  (not used)
TXT_FONT_MAX                          99  0x00000063 (const dword)  (not used)
TXT_FONT_OFFSET                      100  0x00000064 (const dword)  (not used)
TXT_FONT_WIDTH                       101  0x00000065 (const dword)  (not used)
txt_FontID                           -27  0xffffffe5 (PmmC func) args[1] r=1  (usage 3)
txt_Height                           -29  0xffffffe3 (PmmC func) args[1] r=1  (not used)
txt_Inverse                          -36  0xffffffdc (PmmC func) args[1] r=1  (not used)
txt_Italic                           -35  0xffffffdd (PmmC func) args[1] r=1  (not used)
txt_MoveCursor                       -23  0xffffffe9 (PmmC func) args[2] r=0  (not used)
txt_Opacity                          -33  0xffffffdf (PmmC func) args[1] r=1  (usage 3)
txt_Set                              -24  0xffffffe8 (PmmC func) args[2] r=0  (not used)
txt_Underline                        -37  0xffffffdb (PmmC func) args[1] r=1  (not used)
txt_Width                            -28  0xffffffe4 (PmmC func) args[1] r=1  (not used)
txt_Wrap                             -39  0xffffffd9 (PmmC func) args[1] r=1  (not used)
txt_Xgap                             -30  0xffffffe2 (PmmC func) args[1] r=1  (not used)
txt_Ygap                             -31  0xffffffe1 (PmmC func) args[1] r=1  (not used)
uadd_3232                           -290  0xfffffede (PmmC func) args[3] r=1  (usage 3)
ucmp_3232                           -292  0xfffffedc (PmmC func) args[2] r=1  (not used)
UDEC                               17674  0x0000450a (const dword)  (not used)
UDEC1                              16650  0x0000410a (const dword)  (not used)
UDEC1Z                             20746  0x0000510a (const dword)  (not used)
UDEC1ZB                            24842  0x0000610a (const dword)  (not used)
UDEC2                              16906  0x0000420a (const dword)  (not used)
UDEC2Z                             21002  0x0000520a (const dword)  (not used)
UDEC2ZB                            25098  0x0000620a (const dword)  (not used)
UDEC3                              17162  0x0000430a (const dword)  (not used)
UDEC3Z                             21258  0x0000530a (const dword)  (not used)
UDEC3ZB                            25354  0x0000630a (const dword)  (not used)
UDEC4                              17418  0x0000440a (const dword)  (not used)
UDEC4Z                             21514  0x0000540a (const dword)  (not used)
UDEC4ZB                            25610  0x0000640a (const dword)  (not used)
UDEC5                              17674  0x0000450a (const dword)  (not used)
UDEC5Z                             21770  0x0000550a (const dword)  (not used)
UDEC5ZB                            25866  0x0000650a (const dword)  (not used)
UDECZ                              21770  0x0000550a (const dword)  (not used)
UDECZB                             25866  0x0000650a (const dword)  (not used)
ULCD_32PT_GFX                          0  0x00000000 (const ??? 0)  (not used)
umul_1616                           -289  0xfffffedf (PmmC func) args[3] r=1  (usage 12)
UNDERLINED                           128  0x00000080 (const dword)  (not used)
unicode_page                        -281  0xfffffee7 (PmmC func) args[3] r=1  (not used)
UP                                     1  0x00000001 (const dword)  (not used)
UpdateObjects                       2839  0x00000b17 (User func) args[1] r=0  (usage 15)
USER_INITIALIZED_DISPLAY              32  0x00000020 (const dword)  (not used)
usub_3232                           -291  0xfffffedd (PmmC func) args[3] r=1  (not used)
VCOM_CONTROL_1                        67  0x00000043 (const dword)  (not used)
VCOM_CONTROL_2                        68  0x00000044 (const dword)  (not used)
VCOM_CONTROL_3                        69  0x00000045 (const dword)  (not used)
VIOLET                             60445  0x0000ec1d (const dword)  (not used)
WHEAT                              63222  0x0000f6f6 (const dword)  (not used)
WHITE                              65535  0x0000ffff (const dword)  (not used)
WHITESMOKE                         63422  0x0000f7be (const dword)  (not used)
WRITE_CONTRAST                         4  0x00000004 (const dword)  (usage 3)
WRITE_OBJ                              1  0x00000001 (const dword)  (usage 3)
WRITE_STR                              2  0x00000002 (const dword)  (usage 3)
WRITE_STRU                             3  0x00000003 (const dword)  (usage 3)
WriteCmd                               0  0x00000000 (const dword)  (not used)
WriteObject                         4220  0x0000107c (User func) args[3] r=0  (usage 24)
x                                     66  0x00000042 (mem) word (global)  (usage 27)
X_MAX                                  0  0x00000000 (const dword)  (not used)
X_ORG                                  6  0x00000006 (const dword)  (not used)
X_ORIGIN                              30  0x0000001e (const dword)  (not used)
XYposToDegree                       6314  0x000018aa (User func) args[2] r=0  (usage 6)
y                                     68  0x00000044 (mem) word (global)  (usage 24)
Y_MAX                                  1  0x00000001 (const dword)  (not used)
Y_ORG                                  7  0x00000007 (const dword)  (not used)
Y_ORIGIN                              31  0x0000001f (const dword)  (not used)
YELLOW                             65504  0x0000ffe0 (const dword)  (not used)
YELLOWGREEN                        40550  0x00009e66 (const dword)  (not used)
